transaction_id,amount,transaction_hour,merchant_category,foreign_transaction,location_mismatch,device_trust_score,velocity_last_24h,cardholder_age,is_fraud,fraud_status,transaction_time_period,amount_category,age_group,device_risk_category,velocity_category,transaction_location,location_status
1,84.47,22,Electronics,0,0,66,3,40,0,Legitimate,Evening,Medium,36-45,"Medium Risk","Low Velocity",Domestic,"Location Matched"
2,541.82,3,Travel,1,0,87,1,64,0,Legitimate,Night,"Very High",56+,"Low Risk","Low Velocity",Foreign,"Location Matched"
3,237.01,17,Grocery,0,0,49,1,61,0,Legitimate,Afternoon,High,56+,"Medium Risk","Low Velocity",Domestic,"Location Matched"
4,164.33,4,Grocery,0,1,72,3,34,0,Legitimate,Night,Medium,26-35,"Low Risk","Low Velocity",Domestic,"Location Mismatch"
5,30.53,15,Food,0,0,79,0,44,0,Legitimate,Afternoon,Low,36-45,"Low Risk","Low Velocity",Domestic,"Location Matched"
6,30.53,13,Clothing,0,0,90,2,46,0,Legitimate,Afternoon,Low,46-55,"Low Risk","Low Velocity",Domestic,"Location Matched"
7,10.77,18,Travel,0,0,48,1,28,0,Legitimate,Evening,Low,26-35,"Medium Risk","Low Velocity",Domestic,"Location Matched"
8,362.02,13,Electronics,0,0,68,1,40,0,Legitimate,Afternoon,High,36-45,"Medium Risk","Low Velocity",Domestic,"Location Matched"
9,165.43,8,Grocery,0,0,80,0,21,0,Legitimate,Morning,Medium,18-25,"Low Risk","Low Velocity",Domestic,"Location Matched"
10,221.63,5,Grocery,0,0,59,1,34,0,Legitimate,Night,High,26-35,"Medium Risk","Low Velocity",Domestic,"Location Matched"
11,3.74,16,Grocery,0,0,58,2,28,0,Legitimate,Afternoon,Low,26-35,"Medium Risk","Low Velocity",Domestic,"Location Matched"
12,630.64,18,Clothing,0,0,30,4,25,0,Legitimate,Evening,"Very High",18-25,"High Risk","Medium Velocity",Domestic,"Location Matched"
13,321.56,11,Clothing,0,0,73,4,68,0,Legitimate,Morning,High,56+,"Low Risk","Medium Velocity",Domestic,"Location Matched"
14,42.96,3,Travel,0,0,40,2,43,0,Legitimate,Night,Low,36-45,"Medium Risk","Low Velocity",Domestic,"Location Matched"
15,36.12,15,Electronics,0,0,37,2,69,0,Legitimate,Afternoon,Low,56+,"High Risk","Low Velocity",Domestic,"Location Matched"
16,36.47,10,Clothing,0,0,36,2,66,0,Legitimate,Morning,Low,56+,"High Risk","Low Velocity",Domestic,"Location Matched"
17,65.3,21,Food,0,0,35,1,25,0,Legitimate,Evening,Medium,18-25,"High Risk","Low Velocity",Domestic,"Location Matched"
18,133.91,3,Clothing,0,0,71,2,25,0,Legitimate,Night,Medium,18-25,"Low Risk","Low Velocity",Domestic,"Location Matched"
19,101.8,16,Grocery,1,0,84,3,24,0,Legitimate,Afternoon,Medium,18-25,"Low Risk","Low Velocity",Foreign,"Location Matched"
20,61.96,7,Electronics,0,0,73,2,68,0,Legitimate,Morning,Medium,56+,"Low Risk","Low Velocity",Domestic,"Location Matched"
21,170.35,13,Travel,0,0,76,4,51,0,Legitimate,Afternoon,Medium,46-55,"Low Risk","Medium Velocity",Domestic,"Location Matched"
22,27.04,1,Clothing,0,0,85,1,49,0,Legitimate,Night,Low,46-55,"Low Risk","Low Velocity",Domestic,"Location Matched"
23,62.19,10,Grocery,0,0,64,2,30,0,Legitimate,Morning,Medium,26-35,"Medium Risk","Low Velocity",Domestic,"Location Matched"
24,82.13,10,Food,0,0,95,2,53,0,Legitimate,Morning,Medium,46-55,"Low Risk","Low Velocity",Domestic,"Location Matched"
25,109.61,23,Food,0,0,99,2,35,0,Legitimate,Evening,Medium,26-35,"Low Risk","Low Velocity",Domestic,"Location Matched"
26,276.83,21,Travel,1,0,77,3,30,0,Legitimate,Evening,High,26-35,"Low Risk","Low Velocity",Foreign,"Location Matched"
27,40.09,23,Travel,0,0,85,1,47,0,Legitimate,Evening,Low,46-55,"Low Risk","Low Velocity",Domestic,"Location Matched"
28,129.97,5,Clothing,0,0,46,1,18,0,Legitimate,Night,Medium,18-25,"Medium Risk","Low Velocity",Domestic,"Location Matched"
29,161.55,20,Travel,0,0,62,3,52,0,Legitimate,Evening,Medium,46-55,"Medium Risk","Low Velocity",Domestic,"Location Matched"
30,8.56,20,Grocery,0,0,85,1,20,0,Legitimate,Evening,Low,18-25,"Low Risk","Low Velocity",Domestic,"Location Matched"
31,168.36,13,Grocery,0,0,71,2,47,0,Legitimate,Afternoon,Medium,46-55,"Low Risk","Low Velocity",Domestic,"Location Matched"
32,33.65,9,Grocery,0,0,51,2,65,0,Legitimate,Morning,Low,56+,"Medium Risk","Low Velocity",Domestic,"Location Matched"
33,12.11,7,Clothing,0,0,42,3,42,0,Legitimate,Morning,Low,36-45,"Medium Risk","Low Velocity",Domestic,"Location Matched"
34,535.26,6,Clothing,0,0,44,7,50,0,Legitimate,Morning,"Very High",46-55,"Medium Risk","Medium Velocity",Domestic,"Location Matched"
35,606.71,7,Travel,0,0,66,5,33,0,Legitimate,Morning,"Very High",26-35,"Medium Risk","Medium Velocity",Domestic,"Location Matched"
36,297.42,7,Clothing,0,0,65,2,66,0,Legitimate,Morning,High,56+,"Medium Risk","Low Velocity",Domestic,"Location Matched"
37,65.39,22,Grocery,0,0,96,1,20,0,Legitimate,Evening,Medium,18-25,"Low Risk","Low Velocity",Domestic,"Location Matched"
38,18.5,1,Electronics,0,0,82,2,64,0,Legitimate,Night,Low,56+,"Low Risk","Low Velocity",Domestic,"Location Matched"
39,207.5,15,Grocery,0,0,64,1,46,0,Legitimate,Afternoon,High,46-55,"Medium Risk","Low Velocity",Domestic,"Location Matched"
40,104.42,8,Electronics,0,0,99,1,31,0,Legitimate,Morning,Medium,26-35,"Low Risk","Low Velocity",Domestic,"Location Matched"
41,23.43,12,Travel,0,0,54,1,60,0,Legitimate,Afternoon,Low,56+,"Medium Risk","Low Velocity",Domestic,"Location Matched"
42,123.04,22,Food,0,1,36,3,62,0,Legitimate,Evening,Medium,56+,"High Risk","Low Velocity",Domestic,"Location Mismatch"
43,6.3,11,Clothing,0,0,86,3,22,0,Legitimate,Morning,Low,18-25,"Low Risk","Low Velocity",Domestic,"Location Matched"
44,432.08,21,Clothing,0,1,86,0,61,0,Legitimate,Evening,High,56+,"Low Risk","Low Velocity",Domestic,"Location Mismatch"
45,53.9,16,Grocery,0,0,94,2,34,0,Legitimate,Afternoon,Medium,26-35,"Low Risk","Low Velocity",Domestic,"Location Matched"
46,195.53,1,Grocery,0,0,39,3,46,0,Legitimate,Night,Medium,46-55,"High Risk","Low Velocity",Domestic,"Location Matched"
47,67.24,12,Electronics,0,0,31,3,38,0,Legitimate,Afternoon,Medium,36-45,"High Risk","Low Velocity",Domestic,"Location Matched"
48,132.14,0,Clothing,0,0,30,2,23,0,Legitimate,Night,Medium,18-25,"High Risk","Low Velocity",Domestic,"Location Matched"
49,142.42,18,Travel,0,1,51,2,41,0,Legitimate,Evening,Medium,36-45,"Medium Risk","Low Velocity",Domestic,"Location Mismatch"
50,36.79,10,Grocery,0,0,26,1,66,0,Legitimate,Morning,Low,56+,"High Risk","Low Velocity",Domestic,"Location Matched"
51,628.71,4,Clothing,0,0,30,4,45,0,Legitimate,Night,"Very High",36-45,"High Risk","Medium Velocity",Domestic,"Location Matched"
52,268.6,0,Food,0,0,85,1,34,0,Legitimate,Night,High,26-35,"Low Risk","Low Velocity",Domestic,"Location Matched"
53,504.92,19,Electronics,0,0,56,1,59,0,Legitimate,Evening,"Very High",56+,"Medium Risk","Low Velocity",Domestic,"Location Matched"
54,405.39,12,Grocery,0,0,53,0,39,0,Legitimate,Afternoon,High,36-45,"Medium Risk","Low Velocity",Domestic,"Location Matched"
55,163.99,7,Grocery,0,0,89,2,41,0,Legitimate,Morning,Medium,36-45,"Low Risk","Low Velocity",Domestic,"Location Matched"
56,458.9,5,Travel,0,0,39,1,57,0,Legitimate,Night,High,56+,"High Risk","Low Velocity",Domestic,"Location Matched"
57,16.68,16,Grocery,0,0,34,1,35,0,Legitimate,Afternoon,Low,26-35,"High Risk","Low Velocity",Domestic,"Location Matched"
58,39.26,11,Clothing,1,1,34,3,45,1,Fraud,Morning,Low,36-45,"High Risk","Low Velocity",Foreign,"Location Mismatch"
59,8.33,0,Clothing,0,0,34,2,27,0,Legitimate,Night,Low,26-35,"High Risk","Low Velocity",Domestic,"Location Matched"
60,70.84,2,Clothing,0,0,61,4,18,0,Legitimate,Night,Medium,18-25,"Medium Risk","Medium Velocity",Domestic,"Location Matched"
61,88.58,13,Food,0,0,56,0,54,0,Legitimate,Afternoon,Medium,46-55,"Medium Risk","Low Velocity",Domestic,"Location Matched"
62,56.98,7,Food,1,0,60,2,43,0,Legitimate,Morning,Medium,36-45,"Medium Risk","Low Velocity",Foreign,"Location Matched"
63,317.62,10,Grocery,0,0,88,1,67,0,Legitimate,Morning,High,56+,"Low Risk","Low Velocity",Domestic,"Location Matched"
64,79.42,13,Food,0,0,39,3,43,0,Legitimate,Afternoon,Medium,36-45,"High Risk","Low Velocity",Domestic,"Location Matched"
65,59.36,7,Food,0,0,97,1,50,0,Legitimate,Morning,Medium,46-55,"Low Risk","Low Velocity",Domestic,"Location Matched"
66,140.83,2,Travel,0,0,40,2,26,0,Legitimate,Night,Medium,26-35,"Medium Risk","Low Velocity",Domestic,"Location Matched"
67,27.34,6,Food,0,0,70,2,35,0,Legitimate,Morning,Low,26-35,"Low Risk","Low Velocity",Domestic,"Location Matched"
68,291.69,18,Electronics,1,1,68,1,22,0,Legitimate,Evening,High,18-25,"Medium Risk","Low Velocity",Foreign,"Location Mismatch"
69,13.95,3,Electronics,0,0,59,1,39,0,Legitimate,Night,Low,36-45,"Medium Risk","Low Velocity",Domestic,"Location Matched"
70,780.15,15,Electronics,0,0,75,3,27,0,Legitimate,Afternoon,"Very High",26-35,"Low Risk","Low Velocity",Domestic,"Location Matched"
71,266.31,12,Grocery,0,0,82,2,31,0,Legitimate,Afternoon,High,26-35,"Low Risk","Low Velocity",Domestic,"Location Matched"
72,39.88,19,Clothing,0,0,29,1,29,0,Legitimate,Evening,Low,26-35,"High Risk","Low Velocity",Domestic,"Location Matched"
73,1,18,Travel,0,1,62,2,49,0,Legitimate,Evening,Low,46-55,"Medium Risk","Low Velocity",Domestic,"Location Mismatch"
74,304.18,4,Grocery,0,0,30,1,56,0,Legitimate,Night,High,56+,"High Risk","Low Velocity",Domestic,"Location Matched"
75,220.88,22,Clothing,0,1,75,1,62,0,Legitimate,Evening,High,56+,"Low Risk","Low Velocity",Domestic,"Location Mismatch"
76,235.02,4,Travel,0,1,38,2,53,0,Legitimate,Night,High,46-55,"High Risk","Low Velocity",Domestic,"Location Mismatch"
77,265.54,19,Travel,0,0,72,0,68,0,Legitimate,Evening,High,56+,"Low Risk","Low Velocity",Domestic,"Location Matched"
78,13.85,23,Travel,0,0,36,4,67,0,Legitimate,Evening,Low,56+,"High Risk","Medium Velocity",Domestic,"Location Matched"
79,79.9,3,Electronics,0,0,76,4,64,0,Legitimate,Night,Medium,56+,"Low Risk","Medium Velocity",Domestic,"Location Matched"
80,22.17,1,Electronics,0,0,92,1,32,0,Legitimate,Night,Low,26-35,"Low Risk","Low Velocity",Domestic,"Location Matched"
81,357.94,12,Electronics,0,0,83,3,50,0,Legitimate,Afternoon,High,46-55,"Low Risk","Low Velocity",Domestic,"Location Matched"
82,175.73,15,Travel,0,1,42,0,33,0,Legitimate,Afternoon,Medium,26-35,"Medium Risk","Low Velocity",Domestic,"Location Mismatch"
83,72.33,21,Travel,1,0,77,1,21,0,Legitimate,Evening,Medium,18-25,"Low Risk","Low Velocity",Foreign,"Location Matched"
84,11.82,1,Electronics,0,0,55,1,68,0,Legitimate,Night,Low,56+,"Medium Risk","Low Velocity",Domestic,"Location Matched"
85,67.05,18,Travel,0,0,59,3,20,0,Legitimate,Evening,Medium,18-25,"Medium Risk","Low Velocity",Domestic,"Location Matched"
86,70.8,16,Electronics,0,0,28,2,43,0,Legitimate,Afternoon,Medium,36-45,"High Risk","Low Velocity",Domestic,"Location Matched"
87,235.42,4,Electronics,0,0,33,0,54,0,Legitimate,Night,High,46-55,"High Risk","Low Velocity",Domestic,"Location Matched"
88,182.68,17,Electronics,1,0,39,0,51,0,Legitimate,Afternoon,Medium,46-55,"High Risk","Low Velocity",Foreign,"Location Matched"
89,392.81,22,Clothing,0,0,66,4,59,0,Legitimate,Evening,High,56+,"Medium Risk","Medium Velocity",Domestic,"Location Matched"
90,115.03,20,Travel,0,0,83,1,26,0,Legitimate,Evening,Medium,26-35,"Low Risk","Low Velocity",Domestic,"Location Matched"
91,22.93,17,Grocery,0,0,97,1,61,0,Legitimate,Afternoon,Low,56+,"Low Risk","Low Velocity",Domestic,"Location Matched"
92,224.84,7,Electronics,0,0,56,0,31,0,Legitimate,Morning,High,26-35,"Medium Risk","Low Velocity",Domestic,"Location Matched"
93,257.47,14,Grocery,0,0,69,2,64,0,Legitimate,Afternoon,High,56+,"Medium Risk","Low Velocity",Domestic,"Location Matched"
94,148.3,12,Clothing,0,0,29,1,50,0,Legitimate,Afternoon,Medium,46-55,"High Risk","Low Velocity",Domestic,"Location Matched"
95,265.3,12,Travel,0,1,55,4,65,0,Legitimate,Afternoon,High,56+,"Medium Risk","Medium Velocity",Domestic,"Location Mismatch"
96,122.55,15,Electronics,0,0,49,1,55,0,Legitimate,Afternoon,Medium,46-55,"Medium Risk","Low Velocity",Domestic,"Location Matched"
97,133.14,21,Electronics,0,0,80,2,22,0,Legitimate,Evening,Medium,18-25,"Low Risk","Low Velocity",Domestic,"Location Matched"
98,100.41,19,Electronics,0,0,25,2,68,0,Legitimate,Evening,Medium,56+,"High Risk","Low Velocity",Domestic,"Location Matched"
99,4.63,12,Grocery,0,0,85,0,64,0,Legitimate,Afternoon,Low,56+,"Low Risk","Low Velocity",Domestic,"Location Matched"
100,20.55,19,Clothing,0,0,91,3,45,0,Legitimate,Evening,Low,36-45,"Low Risk","Low Velocity",Domestic,"Location Matched"
101,5.75,1,Travel,0,0,91,1,50,0,Legitimate,Night,Low,46-55,"Low Risk","Low Velocity",Domestic,"Location Matched"
102,182.11,2,Clothing,0,0,66,3,34,0,Legitimate,Night,Medium,26-35,"Medium Risk","Low Velocity",Domestic,"Location Matched"
103,67.93,14,Electronics,0,0,83,3,38,0,Legitimate,Afternoon,Medium,36-45,"Low Risk","Low Velocity",Domestic,"Location Matched"
104,127.88,22,Clothing,0,0,74,2,24,0,Legitimate,Evening,Medium,18-25,"Low Risk","Low Velocity",Domestic,"Location Matched"
105,428.63,18,Grocery,0,0,58,2,57,0,Legitimate,Evening,High,56+,"Medium Risk","Low Velocity",Domestic,"Location Matched"
106,51.61,12,Food,0,0,92,4,52,0,Legitimate,Afternoon,Medium,46-55,"Low Risk","Medium Velocity",Domestic,"Location Matched"
107,95.09,4,Food,0,1,78,6,24,0,Legitimate,Night,Medium,18-25,"Low Risk","Medium Velocity",Domestic,"Location Mismatch"
108,253.57,21,Travel,0,1,38,2,25,0,Legitimate,Evening,High,18-25,"High Risk","Low Velocity",Domestic,"Location Mismatch"
109,46.76,5,Travel,0,0,56,3,68,0,Legitimate,Night,Low,56+,"Medium Risk","Low Velocity",Domestic,"Location Matched"
110,14.42,13,Clothing,1,0,94,0,61,0,Legitimate,Afternoon,Low,56+,"Low Risk","Low Velocity",Foreign,"Location Matched"
111,61.59,3,Travel,0,0,32,0,59,0,Legitimate,Night,Medium,56+,"High Risk","Low Velocity",Domestic,"Location Matched"
112,31.65,21,Grocery,0,0,59,1,48,0,Legitimate,Evening,Low,46-55,"Medium Risk","Low Velocity",Domestic,"Location Matched"
113,477.89,18,Electronics,0,0,48,3,22,0,Legitimate,Evening,High,18-25,"Medium Risk","Low Velocity",Domestic,"Location Matched"
114,297.16,22,Electronics,0,0,27,2,22,0,Legitimate,Evening,High,18-25,"High Risk","Low Velocity",Domestic,"Location Matched"
115,180.63,6,Clothing,0,0,60,3,41,0,Legitimate,Morning,Medium,36-45,"Medium Risk","Low Velocity",Domestic,"Location Matched"
116,369.27,3,Electronics,1,0,75,1,39,0,Legitimate,Night,High,36-45,"Low Risk","Low Velocity",Foreign,"Location Matched"
117,293.03,1,Clothing,0,0,81,4,61,0,Legitimate,Night,High,56+,"Low Risk","Medium Velocity",Domestic,"Location Matched"
118,37.17,6,Travel,1,0,83,4,30,0,Legitimate,Morning,Low,26-35,"Low Risk","Medium Velocity",Foreign,"Location Matched"
119,401.55,2,Travel,0,0,46,1,39,0,Legitimate,Night,High,36-45,"Medium Risk","Low Velocity",Domestic,"Location Matched"
120,139.52,14,Grocery,0,0,61,0,43,0,Legitimate,Afternoon,Medium,36-45,"Medium Risk","Low Velocity",Domestic,"Location Matched"
121,296.52,0,Electronics,0,0,99,3,18,0,Legitimate,Night,High,18-25,"Low Risk","Low Velocity",Domestic,"Location Matched"
122,407.56,1,Grocery,1,0,36,2,34,1,Fraud,Night,High,26-35,"High Risk","Low Velocity",Foreign,"Location Matched"
123,68.89,9,Food,0,0,45,0,36,0,Legitimate,Morning,Medium,36-45,"Medium Risk","Low Velocity",Domestic,"Location Matched"
124,20.99,15,Grocery,1,1,39,2,19,1,Fraud,Afternoon,Low,18-25,"High Risk","Low Velocity",Foreign,"Location Mismatch"
125,46.56,14,Clothing,0,0,36,4,67,0,Legitimate,Afternoon,Low,56+,"High Risk","Medium Velocity",Domestic,"Location Matched"
126,100.27,23,Clothing,0,0,80,5,69,0,Legitimate,Evening,Medium,56+,"Low Risk","Medium Velocity",Domestic,"Location Matched"
127,306.69,14,Grocery,0,0,40,5,28,0,Legitimate,Afternoon,High,26-35,"Medium Risk","Medium Velocity",Domestic,"Location Matched"
128,354.84,13,Travel,0,0,57,4,47,0,Legitimate,Afternoon,High,46-55,"Medium Risk","Medium Velocity",Domestic,"Location Matched"
129,1.26,21,Food,0,1,67,2,63,0,Legitimate,Evening,Low,56+,"Medium Risk","Low Velocity",Domestic,"Location Mismatch"
130,128.68,13,Grocery,0,1,73,4,40,0,Legitimate,Afternoon,Medium,36-45,"Low Risk","Medium Velocity",Domestic,"Location Mismatch"
131,97.25,5,Travel,1,0,42,1,32,0,Legitimate,Night,Medium,26-35,"Medium Risk","Low Velocity",Foreign,"Location Matched"
132,45.21,13,Grocery,0,0,40,2,40,0,Legitimate,Afternoon,Low,36-45,"Medium Risk","Low Velocity",Domestic,"Location Matched"
133,22.98,16,Electronics,1,1,64,3,29,0,Legitimate,Afternoon,Low,26-35,"Medium Risk","Low Velocity",Foreign,"Location Mismatch"
134,74.14,17,Clothing,0,0,91,1,44,0,Legitimate,Afternoon,Medium,36-45,"Low Risk","Low Velocity",Domestic,"Location Matched"
135,515.36,19,Electronics,0,1,86,1,23,0,Legitimate,Evening,"Very High",18-25,"Low Risk","Low Velocity",Domestic,"Location Mismatch"
136,70.27,18,Electronics,0,0,51,2,47,0,Legitimate,Evening,Medium,46-55,"Medium Risk","Low Velocity",Domestic,"Location Matched"
137,131.66,16,Food,0,0,38,3,22,0,Legitimate,Afternoon,Medium,18-25,"High Risk","Low Velocity",Domestic,"Location Matched"
138,218.54,15,Travel,0,0,90,0,63,0,Legitimate,Afternoon,High,56+,"Low Risk","Low Velocity",Domestic,"Location Matched"
139,81.36,7,Clothing,1,0,51,4,55,0,Legitimate,Morning,Medium,46-55,"Medium Risk","Medium Velocity",Foreign,"Location Matched"
140,642.2,6,Electronics,0,0,78,1,52,0,Legitimate,Morning,"Very High",46-55,"Low Risk","Low Velocity",Domestic,"Location Matched"
141,590.76,19,Clothing,1,0,84,3,23,0,Legitimate,Evening,"Very High",18-25,"Low Risk","Low Velocity",Foreign,"Location Matched"
142,52.21,11,Travel,0,0,64,2,31,0,Legitimate,Morning,Medium,26-35,"Medium Risk","Low Velocity",Domestic,"Location Matched"
143,123.78,8,Grocery,0,0,69,1,69,0,Legitimate,Morning,Medium,56+,"Medium Risk","Low Velocity",Domestic,"Location Matched"
144,64.43,13,Electronics,0,0,92,1,67,0,Legitimate,Afternoon,Medium,56+,"Low Risk","Low Velocity",Domestic,"Location Matched"
145,60.34,19,Travel,0,0,92,2,34,0,Legitimate,Evening,Medium,26-35,"Low Risk","Low Velocity",Domestic,"Location Matched"
146,6.77,0,Clothing,0,0,87,2,26,0,Legitimate,Night,Low,26-35,"Low Risk","Low Velocity",Domestic,"Location Matched"
147,169.29,9,Travel,0,0,64,3,57,0,Legitimate,Morning,Medium,56+,"Medium Risk","Low Velocity",Domestic,"Location Matched"
148,125.73,16,Grocery,0,0,65,1,48,0,Legitimate,Afternoon,Medium,46-55,"Medium Risk","Low Velocity",Domestic,"Location Matched"
149,9.51,16,Travel,0,0,85,5,53,0,Legitimate,Afternoon,Low,46-55,"Low Risk","Medium Velocity",Domestic,"Location Matched"
150,58.79,16,Clothing,0,0,89,1,27,0,Legitimate,Afternoon,Medium,26-35,"Low Risk","Low Velocity",Domestic,"Location Matched"
151,429.99,3,Electronics,0,0,25,2,44,0,Legitimate,Night,High,36-45,"High Risk","Low Velocity",Domestic,"Location Matched"
152,49.29,16,Electronics,0,0,33,7,66,0,Legitimate,Afternoon,Low,56+,"High Risk","Medium Velocity",Domestic,"Location Matched"
153,28.18,17,Food,0,0,99,4,69,0,Legitimate,Afternoon,Low,56+,"Low Risk","Medium Velocity",Domestic,"Location Matched"
154,121.01,19,Clothing,1,0,39,3,22,0,Legitimate,Evening,Medium,18-25,"High Risk","Low Velocity",Foreign,"Location Matched"
155,763.93,22,Food,0,0,83,1,34,0,Legitimate,Evening,"Very High",26-35,"Low Risk","Low Velocity",Domestic,"Location Matched"
156,49.89,1,Food,0,0,90,0,48,0,Legitimate,Night,Low,46-55,"Low Risk","Low Velocity",Domestic,"Location Matched"
157,200.73,7,Grocery,0,0,34,1,31,0,Legitimate,Morning,High,26-35,"High Risk","Low Velocity",Domestic,"Location Matched"
158,258.1,12,Clothing,0,0,73,2,40,0,Legitimate,Afternoon,High,36-45,"Low Risk","Low Velocity",Domestic,"Location Matched"
159,48.84,22,Electronics,0,0,35,1,61,0,Legitimate,Evening,Low,56+,"High Risk","Low Velocity",Domestic,"Location Matched"
160,234.49,21,Clothing,0,0,54,2,46,0,Legitimate,Evening,High,46-55,"Medium Risk","Low Velocity",Domestic,"Location Matched"
161,82.53,19,Grocery,1,0,47,3,56,0,Legitimate,Evening,Medium,56+,"Medium Risk","Low Velocity",Foreign,"Location Matched"
162,180.09,21,Clothing,1,0,46,1,32,0,Legitimate,Evening,Medium,26-35,"Medium Risk","Low Velocity",Foreign,"Location Matched"
163,180.69,14,Clothing,0,1,75,2,64,0,Legitimate,Afternoon,Medium,56+,"Low Risk","Low Velocity",Domestic,"Location Mismatch"
164,138.13,19,Food,0,0,66,3,29,0,Legitimate,Evening,Medium,26-35,"Medium Risk","Low Velocity",Domestic,"Location Matched"
165,17.03,22,Clothing,0,0,53,0,50,0,Legitimate,Evening,Low,46-55,"Medium Risk","Low Velocity",Domestic,"Location Matched"
166,324.66,8,Food,0,0,69,1,57,0,Legitimate,Morning,High,56+,"Medium Risk","Low Velocity",Domestic,"Location Matched"
167,69.63,2,Food,0,0,57,0,47,0,Legitimate,Night,Medium,46-55,"Medium Risk","Low Velocity",Domestic,"Location Matched"
168,37.16,2,Travel,0,0,63,6,39,0,Legitimate,Night,Low,36-45,"Medium Risk","Medium Velocity",Domestic,"Location Matched"
169,7.49,1,Grocery,0,0,97,1,47,0,Legitimate,Night,Low,46-55,"Low Risk","Low Velocity",Domestic,"Location Matched"
170,160.88,0,Food,0,0,89,2,49,0,Legitimate,Night,Medium,46-55,"Low Risk","Low Velocity",Domestic,"Location Matched"
171,203.73,13,Clothing,0,0,74,3,37,0,Legitimate,Afternoon,High,36-45,"Low Risk","Low Velocity",Domestic,"Location Matched"
172,3.01,16,Food,0,0,72,0,55,0,Legitimate,Afternoon,Low,46-55,"Low Risk","Low Velocity",Domestic,"Location Matched"
173,129.17,12,Food,0,0,61,3,37,0,Legitimate,Afternoon,Medium,36-45,"Medium Risk","Low Velocity",Domestic,"Location Matched"
174,46.23,18,Food,1,1,57,2,19,0,Legitimate,Evening,Low,18-25,"Medium Risk","Low Velocity",Foreign,"Location Mismatch"
175,186.5,22,Electronics,0,0,30,2,48,0,Legitimate,Evening,Medium,46-55,"High Risk","Low Velocity",Domestic,"Location Matched"
176,34.49,14,Electronics,0,0,94,2,67,0,Legitimate,Afternoon,Low,56+,"Low Risk","Low Velocity",Domestic,"Location Matched"
177,211.36,13,Electronics,0,0,79,1,45,0,Legitimate,Afternoon,High,36-45,"Low Risk","Low Velocity",Domestic,"Location Matched"
178,88.01,1,Electronics,0,1,68,0,20,0,Legitimate,Night,Medium,18-25,"Medium Risk","Low Velocity",Domestic,"Location Mismatch"
179,496.86,6,Travel,0,1,74,4,37,0,Legitimate,Morning,High,36-45,"Low Risk","Medium Velocity",Domestic,"Location Mismatch"
180,26.63,16,Food,0,0,78,2,52,0,Legitimate,Afternoon,Low,46-55,"Low Risk","Low Velocity",Domestic,"Location Matched"
181,75.08,17,Travel,0,0,87,4,36,0,Legitimate,Afternoon,Medium,36-45,"Low Risk","Medium Velocity",Domestic,"Location Matched"
182,21.68,5,Clothing,0,0,40,3,23,0,Legitimate,Night,Low,18-25,"Medium Risk","Low Velocity",Domestic,"Location Matched"
183,465.51,20,Grocery,0,0,71,5,28,0,Legitimate,Evening,High,26-35,"Low Risk","Medium Velocity",Domestic,"Location Matched"
184,377.7,7,Travel,1,0,81,2,62,0,Legitimate,Morning,High,56+,"Low Risk","Low Velocity",Foreign,"Location Matched"
185,53.7,1,Electronics,0,0,26,3,23,0,Legitimate,Night,Medium,18-25,"High Risk","Low Velocity",Domestic,"Location Matched"
186,194.18,0,Electronics,0,0,61,3,35,0,Legitimate,Night,Medium,26-35,"Medium Risk","Low Velocity",Domestic,"Location Matched"
187,305.91,15,Clothing,0,0,47,4,64,0,Legitimate,Afternoon,High,56+,"Medium Risk","Medium Velocity",Domestic,"Location Matched"
188,145.82,6,Food,0,0,37,1,31,0,Legitimate,Morning,Medium,26-35,"High Risk","Low Velocity",Domestic,"Location Matched"
189,135.77,21,Grocery,1,0,89,4,31,0,Legitimate,Evening,Medium,26-35,"Low Risk","Medium Velocity",Foreign,"Location Matched"
190,49.84,23,Travel,0,0,72,2,18,0,Legitimate,Evening,Low,18-25,"Low Risk","Low Velocity",Domestic,"Location Matched"
191,17.59,10,Food,0,0,31,1,34,0,Legitimate,Morning,Low,26-35,"High Risk","Low Velocity",Domestic,"Location Matched"
192,409.52,14,Food,0,0,55,2,31,0,Legitimate,Afternoon,High,26-35,"Medium Risk","Low Velocity",Domestic,"Location Matched"
193,415.22,12,Travel,1,0,87,2,48,0,Legitimate,Afternoon,High,46-55,"Low Risk","Low Velocity",Foreign,"Location Matched"
194,180.48,23,Travel,0,0,69,4,62,0,Legitimate,Evening,Medium,56+,"Medium Risk","Medium Velocity",Domestic,"Location Matched"
195,74.53,1,Travel,0,0,80,3,27,0,Legitimate,Night,Medium,26-35,"Low Risk","Low Velocity",Domestic,"Location Matched"
196,77.32,13,Travel,0,0,88,3,55,0,Legitimate,Afternoon,Medium,46-55,"Low Risk","Low Velocity",Domestic,"Location Matched"
197,233,23,Electronics,0,0,46,0,50,0,Legitimate,Evening,High,46-55,"Medium Risk","Low Velocity",Domestic,"Location Matched"
198,409.34,5,Food,0,0,87,2,22,0,Legitimate,Night,High,18-25,"Low Risk","Low Velocity",Domestic,"Location Matched"
199,392.6,8,Food,0,0,52,1,33,0,Legitimate,Morning,High,26-35,"Medium Risk","Low Velocity",Domestic,"Location Matched"
200,272.44,6,Electronics,0,0,68,0,37,0,Legitimate,Morning,High,36-45,"Medium Risk","Low Velocity",Domestic,"Location Matched"
201,184.92,17,Food,0,0,38,2,65,0,Legitimate,Afternoon,Medium,56+,"High Risk","Low Velocity",Domestic,"Location Matched"
202,15.82,23,Travel,0,0,43,2,39,0,Legitimate,Evening,Low,36-45,"Medium Risk","Low Velocity",Domestic,"Location Matched"
203,31.73,8,Grocery,0,0,84,1,57,0,Legitimate,Morning,Low,56+,"Low Risk","Low Velocity",Domestic,"Location Matched"
204,411.88,22,Food,0,0,26,3,34,0,Legitimate,Evening,High,26-35,"High Risk","Low Velocity",Domestic,"Location Matched"
205,167.85,3,Grocery,1,0,75,1,67,0,Legitimate,Night,Medium,56+,"Low Risk","Low Velocity",Foreign,"Location Matched"
206,1.66,8,Grocery,0,0,58,2,67,0,Legitimate,Morning,Low,56+,"Medium Risk","Low Velocity",Domestic,"Location Matched"
207,19.26,3,Electronics,0,0,75,2,26,0,Legitimate,Night,Low,26-35,"Low Risk","Low Velocity",Domestic,"Location Matched"
208,196.05,11,Clothing,0,0,43,0,55,0,Legitimate,Morning,Medium,46-55,"Medium Risk","Low Velocity",Domestic,"Location Matched"
209,0.91,3,Food,0,0,60,2,59,0,Legitimate,Night,Low,56+,"Medium Risk","Low Velocity",Domestic,"Location Matched"
210,31.56,23,Electronics,0,0,50,2,26,0,Legitimate,Evening,Low,26-35,"Medium Risk","Low Velocity",Domestic,"Location Matched"
211,143.23,19,Electronics,0,0,59,4,32,0,Legitimate,Evening,Medium,26-35,"Medium Risk","Medium Velocity",Domestic,"Location Matched"
212,211.92,13,Grocery,0,0,87,1,69,0,Legitimate,Afternoon,High,56+,"Low Risk","Low Velocity",Domestic,"Location Matched"
213,189.98,23,Food,0,0,28,2,63,0,Legitimate,Evening,Medium,56+,"High Risk","Low Velocity",Domestic,"Location Matched"
214,45.71,23,Electronics,0,0,27,1,31,0,Legitimate,Evening,Low,26-35,"High Risk","Low Velocity",Domestic,"Location Matched"
215,224.18,6,Travel,0,0,29,0,26,0,Legitimate,Morning,High,26-35,"High Risk","Low Velocity",Domestic,"Location Matched"
216,48.75,12,Electronics,0,0,53,1,26,0,Legitimate,Afternoon,Low,26-35,"Medium Risk","Low Velocity",Domestic,"Location Matched"
217,70.85,21,Travel,0,0,43,2,50,0,Legitimate,Evening,Medium,46-55,"Medium Risk","Low Velocity",Domestic,"Location Matched"
218,247.02,7,Clothing,0,0,41,0,48,0,Legitimate,Morning,High,46-55,"Medium Risk","Low Velocity",Domestic,"Location Matched"
219,188.78,22,Travel,0,0,58,2,27,0,Legitimate,Evening,Medium,26-35,"Medium Risk","Low Velocity",Domestic,"Location Matched"
220,340.55,4,Travel,0,0,44,0,27,0,Legitimate,Night,High,26-35,"Medium Risk","Low Velocity",Domestic,"Location Matched"
221,192.93,11,Grocery,0,0,52,3,56,0,Legitimate,Morning,Medium,56+,"Medium Risk","Low Velocity",Domestic,"Location Matched"
222,151.21,12,Electronics,0,0,97,2,22,0,Legitimate,Afternoon,Medium,18-25,"Low Risk","Low Velocity",Domestic,"Location Matched"
223,17.7,19,Clothing,0,0,91,3,35,0,Legitimate,Evening,Low,26-35,"Low Risk","Low Velocity",Domestic,"Location Matched"
224,82.51,13,Electronics,0,0,34,3,50,0,Legitimate,Afternoon,Medium,46-55,"High Risk","Low Velocity",Domestic,"Location Matched"
225,55.47,17,Travel,0,0,45,1,66,0,Legitimate,Afternoon,Medium,56+,"Medium Risk","Low Velocity",Domestic,"Location Matched"
226,50.35,23,Travel,0,0,28,3,35,0,Legitimate,Evening,Medium,26-35,"High Risk","Low Velocity",Domestic,"Location Matched"
227,650.22,19,Electronics,0,1,46,1,69,0,Legitimate,Evening,"Very High",56+,"Medium Risk","Low Velocity",Domestic,"Location Mismatch"
228,89.89,3,Clothing,0,0,95,2,29,0,Legitimate,Night,Medium,26-35,"Low Risk","Low Velocity",Domestic,"Location Matched"
229,400.69,20,Clothing,0,0,86,0,42,0,Legitimate,Evening,High,36-45,"Low Risk","Low Velocity",Domestic,"Location Matched"
230,179.52,17,Grocery,0,0,36,4,44,0,Legitimate,Afternoon,Medium,36-45,"High Risk","Medium Velocity",Domestic,"Location Matched"
231,285.09,6,Travel,0,0,35,3,58,0,Legitimate,Morning,High,56+,"High Risk","Low Velocity",Domestic,"Location Matched"
232,125.72,14,Travel,0,0,46,4,26,0,Legitimate,Afternoon,Medium,26-35,"Medium Risk","Medium Velocity",Domestic,"Location Matched"
233,154.83,20,Grocery,0,0,53,2,66,0,Legitimate,Evening,Medium,56+,"Medium Risk","Low Velocity",Domestic,"Location Matched"
234,122.09,5,Electronics,0,0,85,0,30,0,Legitimate,Night,Medium,26-35,"Low Risk","Low Velocity",Domestic,"Location Matched"
235,39.1,15,Travel,1,0,85,5,66,0,Legitimate,Afternoon,Low,56+,"Low Risk","Medium Velocity",Foreign,"Location Matched"
236,230.72,19,Electronics,0,1,51,1,39,0,Legitimate,Evening,High,36-45,"Medium Risk","Low Velocity",Domestic,"Location Mismatch"
237,59.32,23,Clothing,0,0,71,3,19,0,Legitimate,Evening,Medium,18-25,"Low Risk","Low Velocity",Domestic,"Location Matched"
238,4.43,7,Food,0,0,38,1,56,0,Legitimate,Morning,Low,56+,"High Risk","Low Velocity",Domestic,"Location Matched"
239,186.65,20,Grocery,0,0,31,2,65,0,Legitimate,Evening,Medium,56+,"High Risk","Low Velocity",Domestic,"Location Matched"
240,35.09,15,Travel,0,0,39,2,32,0,Legitimate,Afternoon,Low,26-35,"High Risk","Low Velocity",Domestic,"Location Matched"
241,507.79,21,Grocery,0,0,70,4,40,0,Legitimate,Evening,"Very High",36-45,"Low Risk","Medium Velocity",Domestic,"Location Matched"
242,553.96,15,Clothing,0,0,52,2,30,0,Legitimate,Afternoon,"Very High",26-35,"Medium Risk","Low Velocity",Domestic,"Location Matched"
243,443.43,2,Clothing,0,0,67,3,62,0,Legitimate,Night,High,56+,"Medium Risk","Low Velocity",Domestic,"Location Matched"
244,83.21,16,Clothing,0,0,34,1,64,0,Legitimate,Afternoon,Medium,56+,"High Risk","Low Velocity",Domestic,"Location Matched"
245,2.8,8,Clothing,0,0,75,1,37,0,Legitimate,Morning,Low,36-45,"Low Risk","Low Velocity",Domestic,"Location Matched"
246,474.39,2,Food,0,0,27,3,30,0,Legitimate,Night,High,26-35,"High Risk","Low Velocity",Domestic,"Location Matched"
247,100.61,19,Electronics,0,0,68,3,44,0,Legitimate,Evening,Medium,36-45,"Medium Risk","Low Velocity",Domestic,"Location Matched"
248,612.15,6,Electronics,0,0,78,3,59,0,Legitimate,Morning,"Very High",56+,"Low Risk","Low Velocity",Domestic,"Location Matched"
249,596.47,17,Food,0,0,58,3,34,0,Legitimate,Afternoon,"Very High",26-35,"Medium Risk","Low Velocity",Domestic,"Location Matched"
250,345.13,11,Electronics,0,0,89,3,48,0,Legitimate,Morning,High,46-55,"Low Risk","Low Velocity",Domestic,"Location Matched"
251,62.78,18,Clothing,0,0,49,0,43,0,Legitimate,Evening,Medium,36-45,"Medium Risk","Low Velocity",Domestic,"Location Matched"
252,87.53,15,Electronics,0,0,87,0,39,0,Legitimate,Afternoon,Medium,36-45,"Low Risk","Low Velocity",Domestic,"Location Matched"
253,342.85,21,Grocery,0,0,94,1,58,0,Legitimate,Evening,High,56+,"Low Risk","Low Velocity",Domestic,"Location Matched"
254,68.61,23,Electronics,0,0,69,1,49,0,Legitimate,Evening,Medium,46-55,"Medium Risk","Low Velocity",Domestic,"Location Matched"
255,33.43,16,Grocery,0,0,92,0,39,0,Legitimate,Afternoon,Low,36-45,"Low Risk","Low Velocity",Domestic,"Location Matched"
256,146.47,19,Travel,0,0,50,0,45,0,Legitimate,Evening,Medium,36-45,"Medium Risk","Low Velocity",Domestic,"Location Matched"
257,495.23,14,Grocery,0,0,50,0,59,0,Legitimate,Afternoon,High,56+,"Medium Risk","Low Velocity",Domestic,"Location Matched"
258,214.35,0,Grocery,0,0,50,1,64,0,Legitimate,Night,High,56+,"Medium Risk","Low Velocity",Domestic,"Location Matched"
259,151.94,1,Clothing,0,0,86,2,18,0,Legitimate,Night,Medium,18-25,"Low Risk","Low Velocity",Domestic,"Location Matched"
260,18.4,7,Clothing,0,0,85,0,21,0,Legitimate,Morning,Low,18-25,"Low Risk","Low Velocity",Domestic,"Location Matched"
261,171.82,21,Clothing,0,0,26,1,33,0,Legitimate,Evening,Medium,26-35,"High Risk","Low Velocity",Domestic,"Location Matched"
262,829.9,1,Grocery,1,0,65,2,60,0,Legitimate,Night,"Very High",56+,"Medium Risk","Low Velocity",Foreign,"Location Matched"
263,27.17,18,Food,0,0,69,0,40,0,Legitimate,Evening,Low,36-45,"Medium Risk","Low Velocity",Domestic,"Location Matched"
264,131.49,8,Clothing,0,0,38,4,55,0,Legitimate,Morning,Medium,46-55,"High Risk","Medium Velocity",Domestic,"Location Matched"
265,377.75,8,Clothing,0,0,61,2,58,0,Legitimate,Morning,High,56+,"Medium Risk","Low Velocity",Domestic,"Location Matched"
266,243.01,12,Grocery,0,0,26,3,65,0,Legitimate,Afternoon,High,56+,"High Risk","Low Velocity",Domestic,"Location Matched"
267,214.93,5,Travel,0,0,29,0,53,0,Legitimate,Night,High,46-55,"High Risk","Low Velocity",Domestic,"Location Matched"
268,218.21,14,Travel,0,1,26,0,31,0,Legitimate,Afternoon,High,26-35,"High Risk","Low Velocity",Domestic,"Location Mismatch"
269,80.19,18,Electronics,0,0,25,0,60,0,Legitimate,Evening,Medium,56+,"High Risk","Low Velocity",Domestic,"Location Matched"
270,62.56,20,Travel,0,0,72,1,60,0,Legitimate,Evening,Medium,56+,"Low Risk","Low Velocity",Domestic,"Location Matched"
271,298.33,14,Clothing,0,0,46,0,20,0,Legitimate,Afternoon,High,18-25,"Medium Risk","Low Velocity",Domestic,"Location Matched"
272,299.04,17,Food,0,0,65,1,18,0,Legitimate,Afternoon,High,18-25,"Medium Risk","Low Velocity",Domestic,"Location Matched"
273,363.23,6,Electronics,0,0,49,1,61,0,Legitimate,Morning,High,56+,"Medium Risk","Low Velocity",Domestic,"Location Matched"
274,440.03,10,Food,0,0,70,2,33,0,Legitimate,Morning,High,26-35,"Low Risk","Low Velocity",Domestic,"Location Matched"
275,128.9,7,Food,0,0,33,5,25,0,Legitimate,Morning,Medium,18-25,"High Risk","Medium Velocity",Domestic,"Location Matched"
276,125.31,5,Clothing,0,0,85,3,18,0,Legitimate,Night,Medium,18-25,"Low Risk","Low Velocity",Domestic,"Location Matched"
277,288.17,7,Grocery,0,0,71,0,38,0,Legitimate,Morning,High,36-45,"Low Risk","Low Velocity",Domestic,"Location Matched"
278,188.95,1,Grocery,0,0,98,3,19,0,Legitimate,Night,Medium,18-25,"Low Risk","Low Velocity",Domestic,"Location Matched"
279,217.9,18,Grocery,0,0,27,1,29,0,Legitimate,Evening,High,26-35,"High Risk","Low Velocity",Domestic,"Location Matched"
280,285.95,15,Travel,0,0,32,0,31,0,Legitimate,Afternoon,High,26-35,"High Risk","Low Velocity",Domestic,"Location Matched"
281,397.32,6,Grocery,0,0,49,2,39,0,Legitimate,Morning,High,36-45,"Medium Risk","Low Velocity",Domestic,"Location Matched"
282,74.25,9,Clothing,0,0,60,0,37,0,Legitimate,Morning,Medium,36-45,"Medium Risk","Low Velocity",Domestic,"Location Matched"
283,84.77,11,Travel,0,0,67,3,34,0,Legitimate,Morning,Medium,26-35,"Medium Risk","Low Velocity",Domestic,"Location Matched"
284,17.77,16,Grocery,0,0,74,1,24,0,Legitimate,Afternoon,Low,18-25,"Low Risk","Low Velocity",Domestic,"Location Matched"
285,155.41,6,Food,0,0,87,3,38,0,Legitimate,Morning,Medium,36-45,"Low Risk","Low Velocity",Domestic,"Location Matched"
286,6.59,21,Clothing,0,0,58,2,51,0,Legitimate,Evening,Low,46-55,"Medium Risk","Low Velocity",Domestic,"Location Matched"
287,112.79,7,Clothing,0,0,97,1,39,0,Legitimate,Morning,Medium,36-45,"Low Risk","Low Velocity",Domestic,"Location Matched"
288,140.81,6,Electronics,0,0,34,2,39,0,Legitimate,Morning,Medium,36-45,"High Risk","Low Velocity",Domestic,"Location Matched"
289,60.77,3,Clothing,1,0,51,5,38,1,Fraud,Night,Medium,36-45,"Medium Risk","Medium Velocity",Foreign,"Location Matched"
290,160.85,2,Food,0,0,37,2,30,0,Legitimate,Night,Medium,26-35,"High Risk","Low Velocity",Domestic,"Location Matched"
291,5.58,18,Clothing,0,0,75,3,62,0,Legitimate,Evening,Low,56+,"Low Risk","Low Velocity",Domestic,"Location Matched"
292,6.85,14,Electronics,0,0,92,0,23,0,Legitimate,Afternoon,Low,18-25,"Low Risk","Low Velocity",Domestic,"Location Matched"
293,311.28,3,Clothing,0,0,40,0,42,0,Legitimate,Night,High,36-45,"Medium Risk","Low Velocity",Domestic,"Location Matched"
294,80.39,8,Clothing,1,0,36,1,61,0,Legitimate,Morning,Medium,56+,"High Risk","Low Velocity",Foreign,"Location Matched"
295,24.46,12,Electronics,0,0,49,1,48,0,Legitimate,Afternoon,Low,46-55,"Medium Risk","Low Velocity",Domestic,"Location Matched"
296,132.96,17,Clothing,0,1,73,4,42,0,Legitimate,Afternoon,Medium,36-45,"Low Risk","Medium Velocity",Domestic,"Location Mismatch"
297,264.54,20,Travel,0,0,40,1,49,0,Legitimate,Evening,High,46-55,"Medium Risk","Low Velocity",Domestic,"Location Matched"
298,43.76,15,Clothing,0,0,26,4,46,0,Legitimate,Afternoon,Low,46-55,"High Risk","Medium Velocity",Domestic,"Location Matched"
299,175.54,0,Grocery,0,0,97,1,65,0,Legitimate,Night,Medium,56+,"Low Risk","Low Velocity",Domestic,"Location Matched"
300,16.06,3,Grocery,0,0,59,2,52,0,Legitimate,Night,Low,46-55,"Medium Risk","Low Velocity",Domestic,"Location Matched"
301,9.55,17,Travel,0,0,46,3,29,0,Legitimate,Afternoon,Low,26-35,"Medium Risk","Low Velocity",Domestic,"Location Matched"
302,136.42,7,Clothing,0,1,72,1,33,0,Legitimate,Morning,Medium,26-35,"Low Risk","Low Velocity",Domestic,"Location Mismatch"
303,140.02,19,Food,0,1,88,4,26,0,Legitimate,Evening,Medium,26-35,"Low Risk","Medium Velocity",Domestic,"Location Mismatch"
304,182.62,15,Clothing,1,0,91,0,30,0,Legitimate,Afternoon,Medium,26-35,"Low Risk","Low Velocity",Foreign,"Location Matched"
305,233.09,20,Grocery,0,0,46,1,29,0,Legitimate,Evening,High,26-35,"Medium Risk","Low Velocity",Domestic,"Location Matched"
306,670.24,10,Electronics,0,1,97,3,43,0,Legitimate,Morning,"Very High",36-45,"Low Risk","Low Velocity",Domestic,"Location Mismatch"
307,130.73,19,Travel,0,0,71,1,32,0,Legitimate,Evening,Medium,26-35,"Low Risk","Low Velocity",Domestic,"Location Matched"
308,70.2,20,Electronics,0,0,64,3,21,0,Legitimate,Evening,Medium,18-25,"Medium Risk","Low Velocity",Domestic,"Location Matched"
309,285.42,20,Food,0,0,77,4,66,0,Legitimate,Evening,High,56+,"Low Risk","Medium Velocity",Domestic,"Location Matched"
310,56.85,20,Clothing,0,0,27,4,27,0,Legitimate,Evening,Medium,26-35,"High Risk","Medium Velocity",Domestic,"Location Matched"
311,104.04,18,Food,0,0,30,3,65,0,Legitimate,Evening,Medium,56+,"High Risk","Low Velocity",Domestic,"Location Matched"
312,14.71,22,Electronics,0,0,38,0,61,0,Legitimate,Evening,Low,56+,"High Risk","Low Velocity",Domestic,"Location Matched"
313,4.62,18,Clothing,0,0,82,4,55,0,Legitimate,Evening,Low,46-55,"Low Risk","Medium Velocity",Domestic,"Location Matched"
314,591.73,17,Food,0,0,31,1,65,0,Legitimate,Afternoon,"Very High",56+,"High Risk","Low Velocity",Domestic,"Location Matched"
315,325.4,18,Grocery,0,0,53,0,29,0,Legitimate,Evening,High,26-35,"Medium Risk","Low Velocity",Domestic,"Location Matched"
316,214.32,10,Grocery,0,0,27,0,39,0,Legitimate,Morning,High,36-45,"High Risk","Low Velocity",Domestic,"Location Matched"
317,94.65,2,Travel,0,0,37,0,55,0,Legitimate,Night,Medium,46-55,"High Risk","Low Velocity",Domestic,"Location Matched"
318,34.26,7,Grocery,0,0,60,3,47,0,Legitimate,Morning,Low,46-55,"Medium Risk","Low Velocity",Domestic,"Location Matched"
319,30.62,19,Grocery,0,0,62,1,32,0,Legitimate,Evening,Low,26-35,"Medium Risk","Low Velocity",Domestic,"Location Matched"
320,51.84,18,Electronics,0,0,99,1,53,0,Legitimate,Evening,Medium,46-55,"Low Risk","Low Velocity",Domestic,"Location Matched"
321,143.42,9,Grocery,0,1,84,1,22,0,Legitimate,Morning,Medium,18-25,"Low Risk","Low Velocity",Domestic,"Location Mismatch"
322,225.69,15,Grocery,0,0,97,2,66,0,Legitimate,Afternoon,High,56+,"Low Risk","Low Velocity",Domestic,"Location Matched"
323,194.29,4,Electronics,0,0,46,1,21,0,Legitimate,Night,Medium,18-25,"Medium Risk","Low Velocity",Domestic,"Location Matched"
324,59.11,19,Grocery,0,0,45,1,43,0,Legitimate,Evening,Medium,36-45,"Medium Risk","Low Velocity",Domestic,"Location Matched"
325,557.66,8,Grocery,0,0,57,0,60,0,Legitimate,Morning,"Very High",56+,"Medium Risk","Low Velocity",Domestic,"Location Matched"
326,241.02,7,Travel,0,0,28,2,36,0,Legitimate,Morning,High,36-45,"High Risk","Low Velocity",Domestic,"Location Matched"
327,145.48,10,Grocery,0,0,68,2,31,0,Legitimate,Morning,Medium,26-35,"Medium Risk","Low Velocity",Domestic,"Location Matched"
328,170.29,15,Grocery,0,0,25,1,44,0,Legitimate,Afternoon,Medium,36-45,"High Risk","Low Velocity",Domestic,"Location Matched"
329,97.93,6,Travel,0,0,86,1,55,0,Legitimate,Morning,Medium,46-55,"Low Risk","Low Velocity",Domestic,"Location Matched"
330,51.24,14,Electronics,0,0,46,2,43,0,Legitimate,Afternoon,Medium,36-45,"Medium Risk","Low Velocity",Domestic,"Location Matched"
331,79.2,23,Grocery,0,0,83,2,59,0,Legitimate,Evening,Medium,56+,"Low Risk","Low Velocity",Domestic,"Location Matched"
332,255.27,20,Food,0,0,61,3,40,0,Legitimate,Evening,High,36-45,"Medium Risk","Low Velocity",Domestic,"Location Matched"
333,2.61,19,Electronics,1,0,47,5,59,0,Legitimate,Evening,Low,56+,"Medium Risk","Medium Velocity",Foreign,"Location Matched"
334,22.21,22,Electronics,0,0,57,1,67,0,Legitimate,Evening,Low,56+,"Medium Risk","Low Velocity",Domestic,"Location Matched"
335,8.48,16,Grocery,0,0,46,4,66,0,Legitimate,Afternoon,Low,56+,"Medium Risk","Medium Velocity",Domestic,"Location Matched"
336,7.48,5,Travel,0,0,88,5,19,0,Legitimate,Night,Low,18-25,"Low Risk","Medium Velocity",Domestic,"Location Matched"
337,348.16,14,Electronics,0,0,86,2,30,0,Legitimate,Afternoon,High,26-35,"Low Risk","Low Velocity",Domestic,"Location Matched"
338,218.92,7,Travel,0,0,78,2,29,0,Legitimate,Morning,High,26-35,"Low Risk","Low Velocity",Domestic,"Location Matched"
339,115.7,6,Food,0,0,82,3,54,0,Legitimate,Morning,Medium,46-55,"Low Risk","Low Velocity",Domestic,"Location Matched"
340,18.53,1,Travel,0,0,36,3,57,0,Legitimate,Night,Low,56+,"High Risk","Low Velocity",Domestic,"Location Matched"
341,121.77,12,Clothing,0,0,42,4,53,0,Legitimate,Afternoon,Medium,46-55,"Medium Risk","Medium Velocity",Domestic,"Location Matched"
342,115.46,22,Travel,0,0,91,3,20,0,Legitimate,Evening,Medium,18-25,"Low Risk","Low Velocity",Domestic,"Location Matched"
343,34.24,5,Electronics,0,0,84,1,21,0,Legitimate,Night,Low,18-25,"Low Risk","Low Velocity",Domestic,"Location Matched"
344,102.4,4,Travel,0,0,25,5,48,0,Legitimate,Night,Medium,46-55,"High Risk","Medium Velocity",Domestic,"Location Matched"
345,91.5,19,Travel,0,0,44,2,58,0,Legitimate,Evening,Medium,56+,"Medium Risk","Low Velocity",Domestic,"Location Matched"
346,172.21,0,Clothing,0,1,41,1,45,0,Legitimate,Night,Medium,36-45,"Medium Risk","Low Velocity",Domestic,"Location Mismatch"
347,181.46,17,Clothing,0,0,73,3,57,0,Legitimate,Afternoon,Medium,56+,"Low Risk","Low Velocity",Domestic,"Location Matched"
348,8.35,14,Grocery,0,0,46,0,28,0,Legitimate,Afternoon,Low,26-35,"Medium Risk","Low Velocity",Domestic,"Location Matched"
349,84.49,22,Electronics,0,0,57,0,64,0,Legitimate,Evening,Medium,56+,"Medium Risk","Low Velocity",Domestic,"Location Matched"
350,176.96,9,Grocery,0,0,50,5,60,0,Legitimate,Morning,Medium,56+,"Medium Risk","Medium Velocity",Domestic,"Location Matched"
351,125.9,2,Clothing,1,0,51,0,33,0,Legitimate,Night,Medium,26-35,"Medium Risk","Low Velocity",Foreign,"Location Matched"
352,349.44,4,Travel,0,0,84,5,55,0,Legitimate,Night,High,46-55,"Low Risk","Medium Velocity",Domestic,"Location Matched"
353,193.5,23,Clothing,0,0,58,5,46,0,Legitimate,Evening,Medium,46-55,"Medium Risk","Medium Velocity",Domestic,"Location Matched"
354,32.01,12,Food,0,0,76,3,32,0,Legitimate,Afternoon,Low,26-35,"Low Risk","Low Velocity",Domestic,"Location Matched"
355,13.17,7,Travel,0,0,79,3,38,0,Legitimate,Morning,Low,36-45,"Low Risk","Low Velocity",Domestic,"Location Matched"
356,185.11,21,Grocery,0,0,85,5,31,0,Legitimate,Evening,Medium,26-35,"Low Risk","Medium Velocity",Domestic,"Location Matched"
357,4.84,20,Travel,0,0,74,2,33,0,Legitimate,Evening,Low,26-35,"Low Risk","Low Velocity",Domestic,"Location Matched"
358,158.64,1,Food,0,0,87,3,44,0,Legitimate,Night,Medium,36-45,"Low Risk","Low Velocity",Domestic,"Location Matched"
359,507.11,8,Clothing,0,0,88,0,45,0,Legitimate,Morning,"Very High",36-45,"Low Risk","Low Velocity",Domestic,"Location Matched"
360,154.22,16,Electronics,0,0,38,5,31,0,Legitimate,Afternoon,Medium,26-35,"High Risk","Medium Velocity",Domestic,"Location Matched"
361,88.43,17,Electronics,0,0,75,0,53,0,Legitimate,Afternoon,Medium,46-55,"Low Risk","Low Velocity",Domestic,"Location Matched"
362,185.55,12,Electronics,0,0,51,0,27,0,Legitimate,Afternoon,Medium,26-35,"Medium Risk","Low Velocity",Domestic,"Location Matched"
363,110.33,0,Clothing,0,0,64,0,64,0,Legitimate,Night,Medium,56+,"Medium Risk","Low Velocity",Domestic,"Location Matched"
364,141.99,11,Electronics,0,1,92,3,26,0,Legitimate,Morning,Medium,26-35,"Low Risk","Low Velocity",Domestic,"Location Mismatch"
365,510.86,19,Food,0,0,33,2,45,0,Legitimate,Evening,"Very High",36-45,"High Risk","Low Velocity",Domestic,"Location Matched"
366,87.83,19,Clothing,0,0,80,5,31,0,Legitimate,Evening,Medium,26-35,"Low Risk","Medium Velocity",Domestic,"Location Matched"
367,584.84,20,Electronics,0,0,63,1,36,0,Legitimate,Evening,"Very High",36-45,"Medium Risk","Low Velocity",Domestic,"Location Matched"
368,424.36,4,Grocery,0,0,39,4,30,0,Legitimate,Night,High,26-35,"High Risk","Medium Velocity",Domestic,"Location Matched"
369,39.22,7,Clothing,0,0,42,3,68,0,Legitimate,Morning,Low,56+,"Medium Risk","Low Velocity",Domestic,"Location Matched"
370,12.94,14,Clothing,0,0,76,2,54,0,Legitimate,Afternoon,Low,46-55,"Low Risk","Low Velocity",Domestic,"Location Matched"
371,19.12,2,Travel,0,1,85,2,56,0,Legitimate,Night,Low,56+,"Low Risk","Low Velocity",Domestic,"Location Mismatch"
372,3.31,5,Electronics,0,0,61,4,69,0,Legitimate,Night,Low,56+,"Medium Risk","Medium Velocity",Domestic,"Location Matched"
373,17.86,12,Grocery,0,0,77,0,20,0,Legitimate,Afternoon,Low,18-25,"Low Risk","Low Velocity",Domestic,"Location Matched"
374,206.8,11,Food,0,0,36,3,24,0,Legitimate,Morning,High,18-25,"High Risk","Low Velocity",Domestic,"Location Matched"
375,13.29,18,Clothing,0,0,49,4,45,0,Legitimate,Evening,Low,36-45,"Medium Risk","Medium Velocity",Domestic,"Location Matched"
376,69.15,17,Food,0,0,49,2,31,0,Legitimate,Afternoon,Medium,26-35,"Medium Risk","Low Velocity",Domestic,"Location Matched"
377,335.43,23,Food,0,0,45,1,54,0,Legitimate,Evening,High,46-55,"Medium Risk","Low Velocity",Domestic,"Location Matched"
378,4.24,0,Food,0,1,31,5,65,1,Fraud,Night,Low,56+,"High Risk","Medium Velocity",Domestic,"Location Mismatch"
379,303.22,6,Travel,0,0,73,1,69,0,Legitimate,Morning,High,56+,"Low Risk","Low Velocity",Domestic,"Location Matched"
380,59.6,11,Food,0,0,63,2,39,0,Legitimate,Morning,Medium,36-45,"Medium Risk","Low Velocity",Domestic,"Location Matched"
381,22.64,9,Electronics,0,0,99,5,48,0,Legitimate,Morning,Low,46-55,"Low Risk","Medium Velocity",Domestic,"Location Matched"
382,214.77,11,Electronics,0,0,73,1,18,0,Legitimate,Morning,High,18-25,"Low Risk","Low Velocity",Domestic,"Location Matched"
383,178.45,10,Grocery,0,0,58,0,64,0,Legitimate,Morning,Medium,56+,"Medium Risk","Low Velocity",Domestic,"Location Matched"
384,377.89,3,Grocery,1,0,99,0,29,0,Legitimate,Night,High,26-35,"Low Risk","Low Velocity",Foreign,"Location Matched"
385,239.09,18,Food,0,0,40,4,41,0,Legitimate,Evening,High,36-45,"Medium Risk","Medium Velocity",Domestic,"Location Matched"
386,292.86,5,Food,1,0,39,4,47,0,Legitimate,Night,High,46-55,"High Risk","Medium Velocity",Foreign,"Location Matched"
387,59.64,8,Travel,0,0,64,0,63,0,Legitimate,Morning,Medium,56+,"Medium Risk","Low Velocity",Domestic,"Location Matched"
388,35.16,19,Food,0,0,31,3,65,0,Legitimate,Evening,Low,56+,"High Risk","Low Velocity",Domestic,"Location Matched"
389,249.98,9,Food,0,0,64,3,44,0,Legitimate,Morning,High,36-45,"Medium Risk","Low Velocity",Domestic,"Location Matched"
390,295.96,4,Food,1,0,90,1,33,0,Legitimate,Night,High,26-35,"Low Risk","Low Velocity",Foreign,"Location Matched"
391,838.26,12,Clothing,0,0,94,2,38,0,Legitimate,Afternoon,"Very High",36-45,"Low Risk","Low Velocity",Domestic,"Location Matched"
392,95.77,8,Clothing,0,0,46,1,21,0,Legitimate,Morning,Medium,18-25,"Medium Risk","Low Velocity",Domestic,"Location Matched"
393,83.74,1,Travel,0,0,83,4,19,0,Legitimate,Night,Medium,18-25,"Low Risk","Medium Velocity",Domestic,"Location Matched"
394,269.63,17,Travel,0,0,29,1,38,0,Legitimate,Afternoon,High,36-45,"High Risk","Low Velocity",Domestic,"Location Matched"
395,75.01,20,Electronics,0,0,42,1,24,0,Legitimate,Evening,Medium,18-25,"Medium Risk","Low Velocity",Domestic,"Location Matched"
396,480.62,0,Travel,0,0,35,3,54,0,Legitimate,Night,High,46-55,"High Risk","Low Velocity",Domestic,"Location Matched"
397,351.87,23,Electronics,0,0,32,0,24,0,Legitimate,Evening,High,18-25,"High Risk","Low Velocity",Domestic,"Location Matched"
398,100.86,20,Food,0,0,44,1,19,0,Legitimate,Evening,Medium,18-25,"Medium Risk","Low Velocity",Domestic,"Location Matched"
399,250.16,11,Travel,0,0,99,4,29,0,Legitimate,Morning,High,26-35,"Low Risk","Medium Velocity",Domestic,"Location Matched"
400,252.83,9,Travel,0,0,83,4,18,0,Legitimate,Morning,High,18-25,"Low Risk","Medium Velocity",Domestic,"Location Matched"
401,19.59,1,Travel,0,0,49,1,20,0,Legitimate,Night,Low,18-25,"Medium Risk","Low Velocity",Domestic,"Location Matched"
402,419.12,8,Electronics,1,1,82,6,18,1,Fraud,Morning,High,18-25,"Low Risk","Medium Velocity",Foreign,"Location Mismatch"
403,126.67,1,Electronics,0,0,43,2,52,0,Legitimate,Night,Medium,46-55,"Medium Risk","Low Velocity",Domestic,"Location Matched"
404,315.24,22,Grocery,0,0,26,1,33,0,Legitimate,Evening,High,26-35,"High Risk","Low Velocity",Domestic,"Location Matched"
405,69.43,23,Electronics,0,0,82,2,68,0,Legitimate,Evening,Medium,56+,"Low Risk","Low Velocity",Domestic,"Location Matched"
406,406.58,21,Electronics,0,0,90,3,25,0,Legitimate,Evening,High,18-25,"Low Risk","Low Velocity",Domestic,"Location Matched"
407,88.74,13,Clothing,0,0,31,3,38,0,Legitimate,Afternoon,Medium,36-45,"High Risk","Low Velocity",Domestic,"Location Matched"
408,1.96,10,Travel,0,0,75,2,68,0,Legitimate,Morning,Low,56+,"Low Risk","Low Velocity",Domestic,"Location Matched"
409,424.42,22,Electronics,0,0,57,1,22,0,Legitimate,Evening,High,18-25,"Medium Risk","Low Velocity",Domestic,"Location Matched"
410,17.23,10,Travel,0,0,99,1,48,0,Legitimate,Morning,Low,46-55,"Low Risk","Low Velocity",Domestic,"Location Matched"
411,69.24,16,Travel,0,0,37,2,43,0,Legitimate,Afternoon,Medium,36-45,"High Risk","Low Velocity",Domestic,"Location Matched"
412,539.46,3,Clothing,0,0,34,3,18,0,Legitimate,Night,"Very High",18-25,"High Risk","Low Velocity",Domestic,"Location Matched"
413,541.43,12,Travel,0,1,83,3,40,0,Legitimate,Afternoon,"Very High",36-45,"Low Risk","Low Velocity",Domestic,"Location Mismatch"
414,153.36,6,Electronics,0,0,62,2,30,0,Legitimate,Morning,Medium,26-35,"Medium Risk","Low Velocity",Domestic,"Location Matched"
415,179.86,15,Travel,0,0,44,4,49,0,Legitimate,Afternoon,Medium,46-55,"Medium Risk","Medium Velocity",Domestic,"Location Matched"
416,107.1,0,Grocery,0,0,38,1,22,0,Legitimate,Night,Medium,18-25,"High Risk","Low Velocity",Domestic,"Location Matched"
417,62.46,12,Grocery,0,1,64,2,37,0,Legitimate,Afternoon,Medium,36-45,"Medium Risk","Low Velocity",Domestic,"Location Mismatch"
418,71.73,0,Clothing,0,0,31,2,68,0,Legitimate,Night,Medium,56+,"High Risk","Low Velocity",Domestic,"Location Matched"
419,200.94,10,Electronics,0,0,93,2,45,0,Legitimate,Morning,High,36-45,"Low Risk","Low Velocity",Domestic,"Location Matched"
420,251.25,5,Clothing,0,0,30,2,24,0,Legitimate,Night,High,18-25,"High Risk","Low Velocity",Domestic,"Location Matched"
421,282.28,19,Grocery,0,0,64,1,30,0,Legitimate,Evening,High,26-35,"Medium Risk","Low Velocity",Domestic,"Location Matched"
422,280.59,2,Electronics,0,0,77,1,49,0,Legitimate,Night,High,46-55,"Low Risk","Low Velocity",Domestic,"Location Matched"
423,17.21,11,Travel,0,0,33,2,63,0,Legitimate,Morning,Low,56+,"High Risk","Low Velocity",Domestic,"Location Matched"
424,122.77,4,Electronics,0,0,89,3,35,0,Legitimate,Night,Medium,26-35,"Low Risk","Low Velocity",Domestic,"Location Matched"
425,10.67,8,Food,0,1,44,3,63,0,Legitimate,Morning,Low,56+,"Medium Risk","Low Velocity",Domestic,"Location Mismatch"
426,143.54,11,Electronics,0,0,30,2,62,0,Legitimate,Morning,Medium,56+,"High Risk","Low Velocity",Domestic,"Location Matched"
427,104.86,9,Travel,0,0,63,1,25,0,Legitimate,Morning,Medium,18-25,"Medium Risk","Low Velocity",Domestic,"Location Matched"
428,393.59,18,Food,0,0,45,2,46,0,Legitimate,Evening,High,46-55,"Medium Risk","Low Velocity",Domestic,"Location Matched"
429,77.79,4,Clothing,0,0,61,6,37,0,Legitimate,Night,Medium,36-45,"Medium Risk","Medium Velocity",Domestic,"Location Matched"
430,22.41,4,Electronics,0,0,36,2,43,0,Legitimate,Night,Low,36-45,"High Risk","Low Velocity",Domestic,"Location Matched"
431,27.78,8,Clothing,0,0,94,4,35,0,Legitimate,Morning,Low,26-35,"Low Risk","Medium Velocity",Domestic,"Location Matched"
432,258.02,19,Electronics,0,0,39,5,63,0,Legitimate,Evening,High,56+,"High Risk","Medium Velocity",Domestic,"Location Matched"
433,173.32,16,Grocery,0,0,45,2,19,0,Legitimate,Afternoon,Medium,18-25,"Medium Risk","Low Velocity",Domestic,"Location Matched"
434,19.19,9,Grocery,0,0,70,0,60,0,Legitimate,Morning,Low,56+,"Low Risk","Low Velocity",Domestic,"Location Matched"
435,15.81,20,Travel,0,0,95,2,64,0,Legitimate,Evening,Low,56+,"Low Risk","Low Velocity",Domestic,"Location Matched"
436,217.3,0,Grocery,0,0,34,6,59,1,Fraud,Night,High,56+,"High Risk","Medium Velocity",Domestic,"Location Matched"
437,13.6,21,Food,0,0,90,2,66,0,Legitimate,Evening,Low,56+,"Low Risk","Low Velocity",Domestic,"Location Matched"
438,310.53,15,Food,0,0,63,4,41,0,Legitimate,Afternoon,High,36-45,"Medium Risk","Medium Velocity",Domestic,"Location Matched"
439,220.5,14,Electronics,0,0,46,1,60,0,Legitimate,Afternoon,High,56+,"Medium Risk","Low Velocity",Domestic,"Location Matched"
440,15.27,22,Clothing,0,0,66,2,25,0,Legitimate,Evening,Low,18-25,"Medium Risk","Low Velocity",Domestic,"Location Matched"
441,15.96,16,Food,0,0,30,1,39,0,Legitimate,Afternoon,Low,36-45,"High Risk","Low Velocity",Domestic,"Location Matched"
442,776.78,19,Electronics,1,0,76,2,51,0,Legitimate,Evening,"Very High",46-55,"Low Risk","Low Velocity",Foreign,"Location Matched"
443,84.39,12,Clothing,0,0,61,3,49,0,Legitimate,Afternoon,Medium,46-55,"Medium Risk","Low Velocity",Domestic,"Location Matched"
444,83.35,0,Grocery,1,0,30,2,52,1,Fraud,Night,Medium,46-55,"High Risk","Low Velocity",Foreign,"Location Matched"
445,301.6,7,Electronics,0,0,97,2,42,0,Legitimate,Morning,High,36-45,"Low Risk","Low Velocity",Domestic,"Location Matched"
446,529.59,4,Clothing,0,0,53,1,24,0,Legitimate,Night,"Very High",18-25,"Medium Risk","Low Velocity",Domestic,"Location Matched"
447,768.38,5,Travel,0,0,93,4,31,0,Legitimate,Night,"Very High",26-35,"Low Risk","Medium Velocity",Domestic,"Location Matched"
448,251.98,22,Travel,0,0,75,5,61,0,Legitimate,Evening,High,56+,"Low Risk","Medium Velocity",Domestic,"Location Matched"
449,84.96,19,Food,0,0,51,0,46,0,Legitimate,Evening,Medium,46-55,"Medium Risk","Low Velocity",Domestic,"Location Matched"
450,15.69,13,Clothing,0,0,61,2,54,0,Legitimate,Afternoon,Low,46-55,"Medium Risk","Low Velocity",Domestic,"Location Matched"
451,270.22,21,Travel,0,0,70,3,54,0,Legitimate,Evening,High,46-55,"Low Risk","Low Velocity",Domestic,"Location Matched"
452,147.12,22,Food,0,1,49,2,24,0,Legitimate,Evening,Medium,18-25,"Medium Risk","Low Velocity",Domestic,"Location Mismatch"
453,99.37,10,Electronics,0,0,61,0,50,0,Legitimate,Morning,Medium,46-55,"Medium Risk","Low Velocity",Domestic,"Location Matched"
454,426.28,5,Electronics,0,0,47,4,34,0,Legitimate,Night,High,26-35,"Medium Risk","Medium Velocity",Domestic,"Location Matched"
455,21.22,10,Clothing,1,0,50,6,36,0,Legitimate,Morning,Low,36-45,"Medium Risk","Medium Velocity",Foreign,"Location Matched"
456,122.13,12,Clothing,0,0,76,3,42,0,Legitimate,Afternoon,Medium,36-45,"Low Risk","Low Velocity",Domestic,"Location Matched"
457,2.06,11,Clothing,0,0,27,1,25,0,Legitimate,Morning,Low,18-25,"High Risk","Low Velocity",Domestic,"Location Matched"
458,113.82,21,Clothing,1,0,97,0,29,0,Legitimate,Evening,Medium,26-35,"Low Risk","Low Velocity",Foreign,"Location Matched"
459,10.43,1,Travel,0,0,96,1,20,0,Legitimate,Night,Low,18-25,"Low Risk","Low Velocity",Domestic,"Location Matched"
460,22.77,20,Travel,0,0,52,4,48,0,Legitimate,Evening,Low,46-55,"Medium Risk","Medium Velocity",Domestic,"Location Matched"
461,22.5,2,Food,0,0,58,1,61,0,Legitimate,Night,Low,56+,"Medium Risk","Low Velocity",Domestic,"Location Matched"
462,188.56,22,Travel,0,0,89,3,25,0,Legitimate,Evening,Medium,18-25,"Low Risk","Low Velocity",Domestic,"Location Matched"
463,246.71,3,Electronics,1,0,53,1,21,0,Legitimate,Night,High,18-25,"Medium Risk","Low Velocity",Foreign,"Location Matched"
464,157.6,16,Food,0,0,28,0,49,0,Legitimate,Afternoon,Medium,46-55,"High Risk","Low Velocity",Domestic,"Location Matched"
465,589.45,21,Travel,0,0,92,1,24,0,Legitimate,Evening,"Very High",18-25,"Low Risk","Low Velocity",Domestic,"Location Matched"
466,84.56,5,Clothing,0,0,86,3,31,0,Legitimate,Night,Medium,26-35,"Low Risk","Low Velocity",Domestic,"Location Matched"
467,60.56,6,Travel,0,0,62,3,51,0,Legitimate,Morning,Medium,46-55,"Medium Risk","Low Velocity",Domestic,"Location Matched"
468,365.31,14,Grocery,0,0,91,1,22,0,Legitimate,Afternoon,High,18-25,"Low Risk","Low Velocity",Domestic,"Location Matched"
469,45.55,10,Food,0,0,26,2,29,0,Legitimate,Morning,Low,26-35,"High Risk","Low Velocity",Domestic,"Location Matched"
470,594.52,23,Travel,0,0,68,0,54,0,Legitimate,Evening,"Very High",46-55,"Medium Risk","Low Velocity",Domestic,"Location Matched"
471,2.2,2,Travel,0,0,56,0,44,0,Legitimate,Night,Low,36-45,"Medium Risk","Low Velocity",Domestic,"Location Matched"
472,630.45,5,Electronics,0,0,27,0,38,0,Legitimate,Night,"Very High",36-45,"High Risk","Low Velocity",Domestic,"Location Matched"
473,7.94,1,Clothing,0,1,41,0,30,0,Legitimate,Night,Low,26-35,"Medium Risk","Low Velocity",Domestic,"Location Mismatch"
474,399.19,13,Clothing,0,0,36,1,42,0,Legitimate,Afternoon,High,36-45,"High Risk","Low Velocity",Domestic,"Location Matched"
475,135.03,8,Electronics,0,0,88,1,51,0,Legitimate,Morning,Medium,46-55,"Low Risk","Low Velocity",Domestic,"Location Matched"
476,892.23,17,Electronics,0,0,87,1,59,0,Legitimate,Afternoon,"Very High",56+,"Low Risk","Low Velocity",Domestic,"Location Matched"
477,13.8,18,Grocery,1,0,96,5,61,0,Legitimate,Evening,Low,56+,"Low Risk","Medium Velocity",Foreign,"Location Matched"
478,145.28,11,Food,0,0,65,0,65,0,Legitimate,Morning,Medium,56+,"Medium Risk","Low Velocity",Domestic,"Location Matched"
479,627.04,12,Clothing,0,0,26,2,34,0,Legitimate,Afternoon,"Very High",26-35,"High Risk","Low Velocity",Domestic,"Location Matched"
480,133.28,11,Electronics,0,0,77,3,38,0,Legitimate,Morning,Medium,36-45,"Low Risk","Low Velocity",Domestic,"Location Matched"
481,178.67,11,Electronics,0,0,58,2,32,0,Legitimate,Morning,Medium,26-35,"Medium Risk","Low Velocity",Domestic,"Location Matched"
482,214.18,17,Food,0,0,98,0,43,0,Legitimate,Afternoon,High,36-45,"Low Risk","Low Velocity",Domestic,"Location Matched"
483,109.1,8,Electronics,0,0,64,3,50,0,Legitimate,Morning,Medium,46-55,"Medium Risk","Low Velocity",Domestic,"Location Matched"
484,177.78,16,Grocery,0,0,95,5,52,0,Legitimate,Afternoon,Medium,46-55,"Low Risk","Medium Velocity",Domestic,"Location Matched"
485,158.01,20,Food,0,0,89,3,43,0,Legitimate,Evening,Medium,36-45,"Low Risk","Low Velocity",Domestic,"Location Matched"
486,416.56,15,Grocery,0,0,79,3,29,0,Legitimate,Afternoon,High,26-35,"Low Risk","Low Velocity",Domestic,"Location Matched"
487,8.37,16,Travel,0,0,98,2,39,0,Legitimate,Afternoon,Low,36-45,"Low Risk","Low Velocity",Domestic,"Location Matched"
488,59.37,20,Clothing,1,0,75,4,27,0,Legitimate,Evening,Medium,26-35,"Low Risk","Medium Velocity",Foreign,"Location Matched"
489,540.72,23,Electronics,0,0,29,4,26,0,Legitimate,Evening,"Very High",26-35,"High Risk","Medium Velocity",Domestic,"Location Matched"
490,397.74,7,Food,0,0,80,2,53,0,Legitimate,Morning,High,46-55,"Low Risk","Low Velocity",Domestic,"Location Matched"
491,109.47,10,Grocery,0,1,45,2,51,0,Legitimate,Morning,Medium,46-55,"Medium Risk","Low Velocity",Domestic,"Location Mismatch"
492,174.23,23,Clothing,0,0,82,4,38,0,Legitimate,Evening,Medium,36-45,"Low Risk","Medium Velocity",Domestic,"Location Matched"
493,58.48,1,Clothing,0,0,97,5,50,0,Legitimate,Night,Medium,46-55,"Low Risk","Medium Velocity",Domestic,"Location Matched"
494,37.51,7,Electronics,1,1,55,2,27,0,Legitimate,Morning,Low,26-35,"Medium Risk","Low Velocity",Foreign,"Location Mismatch"
495,112.15,11,Clothing,0,0,70,2,62,0,Legitimate,Morning,Medium,56+,"Low Risk","Low Velocity",Domestic,"Location Matched"
496,78.47,20,Electronics,0,0,51,3,24,0,Legitimate,Evening,Medium,18-25,"Medium Risk","Low Velocity",Domestic,"Location Matched"
497,157.72,0,Travel,0,0,94,3,45,0,Legitimate,Night,Medium,36-45,"Low Risk","Low Velocity",Domestic,"Location Matched"
498,14.57,22,Electronics,0,0,55,2,35,0,Legitimate,Evening,Low,26-35,"Medium Risk","Low Velocity",Domestic,"Location Matched"
499,659.69,12,Grocery,0,0,65,2,32,0,Legitimate,Afternoon,"Very High",26-35,"Medium Risk","Low Velocity",Domestic,"Location Matched"
500,771.1,21,Clothing,0,0,69,3,57,0,Legitimate,Evening,"Very High",56+,"Medium Risk","Low Velocity",Domestic,"Location Matched"
501,215.62,20,Clothing,0,0,60,3,47,0,Legitimate,Evening,High,46-55,"Medium Risk","Low Velocity",Domestic,"Location Matched"
502,138.25,16,Clothing,0,0,26,3,42,0,Legitimate,Afternoon,Medium,36-45,"High Risk","Low Velocity",Domestic,"Location Matched"
503,66.67,13,Electronics,0,0,86,3,67,0,Legitimate,Afternoon,Medium,56+,"Low Risk","Low Velocity",Domestic,"Location Matched"
504,302.56,13,Food,1,0,45,1,67,0,Legitimate,Afternoon,High,56+,"Medium Risk","Low Velocity",Foreign,"Location Matched"
505,207.78,15,Electronics,0,0,58,3,62,0,Legitimate,Afternoon,High,56+,"Medium Risk","Low Velocity",Domestic,"Location Matched"
506,31.95,16,Grocery,0,0,37,3,47,0,Legitimate,Afternoon,Low,46-55,"High Risk","Low Velocity",Domestic,"Location Matched"
507,435.29,5,Electronics,0,0,43,1,33,0,Legitimate,Night,High,26-35,"Medium Risk","Low Velocity",Domestic,"Location Matched"
508,311.22,6,Clothing,0,0,57,2,27,0,Legitimate,Morning,High,26-35,"Medium Risk","Low Velocity",Domestic,"Location Matched"
509,538.51,0,Travel,0,1,73,0,42,0,Legitimate,Night,"Very High",36-45,"Low Risk","Low Velocity",Domestic,"Location Mismatch"
510,232.85,14,Grocery,0,0,27,2,29,0,Legitimate,Afternoon,High,26-35,"High Risk","Low Velocity",Domestic,"Location Matched"
511,171.07,19,Travel,0,1,62,4,57,0,Legitimate,Evening,Medium,56+,"Medium Risk","Medium Velocity",Domestic,"Location Mismatch"
512,97.51,20,Grocery,0,0,95,1,18,0,Legitimate,Evening,Medium,18-25,"Low Risk","Low Velocity",Domestic,"Location Matched"
513,485.82,17,Grocery,0,0,39,3,26,0,Legitimate,Afternoon,High,26-35,"High Risk","Low Velocity",Domestic,"Location Matched"
514,361.87,12,Clothing,0,0,62,2,37,0,Legitimate,Afternoon,High,36-45,"Medium Risk","Low Velocity",Domestic,"Location Matched"
515,8.33,23,Electronics,0,0,49,3,55,0,Legitimate,Evening,Low,46-55,"Medium Risk","Low Velocity",Domestic,"Location Matched"
516,4.81,1,Clothing,0,0,85,0,35,0,Legitimate,Night,Low,26-35,"Low Risk","Low Velocity",Domestic,"Location Matched"
517,85.02,18,Clothing,0,0,74,3,46,0,Legitimate,Evening,Medium,46-55,"Low Risk","Low Velocity",Domestic,"Location Matched"
518,299.46,14,Clothing,0,0,34,2,54,0,Legitimate,Afternoon,High,46-55,"High Risk","Low Velocity",Domestic,"Location Matched"
519,785.57,11,Travel,1,0,74,1,66,0,Legitimate,Morning,"Very High",56+,"Low Risk","Low Velocity",Foreign,"Location Matched"
520,29.34,14,Grocery,0,0,66,1,29,0,Legitimate,Afternoon,Low,26-35,"Medium Risk","Low Velocity",Domestic,"Location Matched"
521,162.31,17,Food,0,0,95,4,54,0,Legitimate,Afternoon,Medium,46-55,"Low Risk","Medium Velocity",Domestic,"Location Matched"
522,86.31,13,Electronics,0,0,76,6,49,0,Legitimate,Afternoon,Medium,46-55,"Low Risk","Medium Velocity",Domestic,"Location Matched"
523,630.67,5,Clothing,1,1,70,2,29,0,Legitimate,Night,"Very High",26-35,"Low Risk","Low Velocity",Foreign,"Location Mismatch"
524,332.26,11,Grocery,0,0,64,4,54,0,Legitimate,Morning,High,46-55,"Medium Risk","Medium Velocity",Domestic,"Location Matched"
525,327.99,19,Electronics,0,0,82,3,56,0,Legitimate,Evening,High,56+,"Low Risk","Low Velocity",Domestic,"Location Matched"
526,113.83,22,Food,0,0,48,3,29,0,Legitimate,Evening,Medium,26-35,"Medium Risk","Low Velocity",Domestic,"Location Matched"
527,96.45,5,Food,0,0,93,0,50,0,Legitimate,Night,Medium,46-55,"Low Risk","Low Velocity",Domestic,"Location Matched"
528,57.49,8,Clothing,0,0,64,2,60,0,Legitimate,Morning,Medium,56+,"Medium Risk","Low Velocity",Domestic,"Location Matched"
529,10.44,3,Food,0,0,44,1,49,0,Legitimate,Night,Low,46-55,"Medium Risk","Low Velocity",Domestic,"Location Matched"
530,360.08,16,Food,0,0,53,2,50,0,Legitimate,Afternoon,High,46-55,"Medium Risk","Low Velocity",Domestic,"Location Matched"
531,301.7,1,Electronics,0,0,61,1,41,0,Legitimate,Night,High,36-45,"Medium Risk","Low Velocity",Domestic,"Location Matched"
532,1471.04,15,Electronics,1,0,44,3,48,0,Legitimate,Afternoon,"Very High",46-55,"Medium Risk","Low Velocity",Foreign,"Location Matched"
533,1025.08,23,Clothing,1,0,42,2,64,0,Legitimate,Evening,"Very High",56+,"Medium Risk","Low Velocity",Foreign,"Location Matched"
534,145.92,13,Grocery,0,0,28,3,47,0,Legitimate,Afternoon,Medium,46-55,"High Risk","Low Velocity",Domestic,"Location Matched"
535,263.75,7,Clothing,0,0,35,1,43,0,Legitimate,Morning,High,36-45,"High Risk","Low Velocity",Domestic,"Location Matched"
536,521.31,13,Travel,0,0,88,3,19,0,Legitimate,Afternoon,"Very High",18-25,"Low Risk","Low Velocity",Domestic,"Location Matched"
537,341.06,1,Food,0,0,76,3,69,0,Legitimate,Night,High,56+,"Low Risk","Low Velocity",Domestic,"Location Matched"
538,51.15,15,Grocery,0,0,67,2,34,0,Legitimate,Afternoon,Medium,26-35,"Medium Risk","Low Velocity",Domestic,"Location Matched"
539,107.79,3,Electronics,0,0,38,5,18,1,Fraud,Night,Medium,18-25,"High Risk","Medium Velocity",Domestic,"Location Matched"
540,24.89,0,Travel,0,0,69,1,69,0,Legitimate,Night,Low,56+,"Medium Risk","Low Velocity",Domestic,"Location Matched"
541,554.44,22,Travel,0,0,52,1,48,0,Legitimate,Evening,"Very High",46-55,"Medium Risk","Low Velocity",Domestic,"Location Matched"
542,167.73,19,Food,1,0,28,3,46,0,Legitimate,Evening,Medium,46-55,"High Risk","Low Velocity",Foreign,"Location Matched"
543,46.73,13,Electronics,0,0,40,1,28,0,Legitimate,Afternoon,Low,26-35,"Medium Risk","Low Velocity",Domestic,"Location Matched"
544,200.49,7,Grocery,0,0,62,2,62,0,Legitimate,Morning,High,56+,"Medium Risk","Low Velocity",Domestic,"Location Matched"
545,173.28,2,Electronics,0,0,87,1,21,0,Legitimate,Night,Medium,18-25,"Low Risk","Low Velocity",Domestic,"Location Matched"
546,79.82,4,Food,1,0,47,2,53,0,Legitimate,Night,Medium,46-55,"Medium Risk","Low Velocity",Foreign,"Location Matched"
547,21.7,5,Travel,0,0,44,2,25,0,Legitimate,Night,Low,18-25,"Medium Risk","Low Velocity",Domestic,"Location Matched"
548,200.42,21,Food,0,1,93,1,53,0,Legitimate,Evening,High,46-55,"Low Risk","Low Velocity",Domestic,"Location Mismatch"
549,132.23,7,Clothing,0,0,45,2,64,0,Legitimate,Morning,Medium,56+,"Medium Risk","Low Velocity",Domestic,"Location Matched"
550,266.37,5,Travel,0,0,66,1,38,0,Legitimate,Night,High,36-45,"Medium Risk","Low Velocity",Domestic,"Location Matched"
551,132.18,5,Food,0,0,93,1,28,0,Legitimate,Night,Medium,26-35,"Low Risk","Low Velocity",Domestic,"Location Matched"
552,344.12,3,Grocery,1,0,38,3,29,1,Fraud,Night,High,26-35,"High Risk","Low Velocity",Foreign,"Location Matched"
553,144.5,6,Grocery,1,0,94,1,43,0,Legitimate,Morning,Medium,36-45,"Low Risk","Low Velocity",Foreign,"Location Matched"
554,148.16,23,Grocery,0,0,29,2,44,0,Legitimate,Evening,Medium,36-45,"High Risk","Low Velocity",Domestic,"Location Matched"
555,376.7,18,Clothing,0,0,48,2,51,0,Legitimate,Evening,High,46-55,"Medium Risk","Low Velocity",Domestic,"Location Matched"
556,93,6,Electronics,0,0,53,1,27,0,Legitimate,Morning,Medium,26-35,"Medium Risk","Low Velocity",Domestic,"Location Matched"
557,25.9,2,Grocery,0,0,26,3,26,0,Legitimate,Night,Low,26-35,"High Risk","Low Velocity",Domestic,"Location Matched"
558,5.26,7,Clothing,0,0,30,0,56,0,Legitimate,Morning,Low,56+,"High Risk","Low Velocity",Domestic,"Location Matched"
559,253.27,0,Grocery,0,0,58,3,30,0,Legitimate,Night,High,26-35,"Medium Risk","Low Velocity",Domestic,"Location Matched"
560,174.31,0,Clothing,0,0,46,2,29,0,Legitimate,Night,Medium,26-35,"Medium Risk","Low Velocity",Domestic,"Location Matched"
561,219.18,13,Grocery,0,0,28,2,34,0,Legitimate,Afternoon,High,26-35,"High Risk","Low Velocity",Domestic,"Location Matched"
562,43.11,5,Electronics,0,0,30,2,21,0,Legitimate,Night,Low,18-25,"High Risk","Low Velocity",Domestic,"Location Matched"
563,26.39,9,Food,0,0,91,2,56,0,Legitimate,Morning,Low,56+,"Low Risk","Low Velocity",Domestic,"Location Matched"
564,2.64,13,Grocery,0,0,87,2,45,0,Legitimate,Afternoon,Low,36-45,"Low Risk","Low Velocity",Domestic,"Location Matched"
565,77.7,3,Food,0,0,97,0,58,0,Legitimate,Night,Medium,56+,"Low Risk","Low Velocity",Domestic,"Location Matched"
566,160.45,5,Grocery,0,0,92,4,37,0,Legitimate,Night,Medium,36-45,"Low Risk","Medium Velocity",Domestic,"Location Matched"
567,89.64,15,Electronics,0,0,58,2,24,0,Legitimate,Afternoon,Medium,18-25,"Medium Risk","Low Velocity",Domestic,"Location Matched"
568,103.56,20,Food,0,0,96,2,25,0,Legitimate,Evening,Medium,18-25,"Low Risk","Low Velocity",Domestic,"Location Matched"
569,422.11,0,Clothing,0,0,58,6,52,0,Legitimate,Night,High,46-55,"Medium Risk","Medium Velocity",Domestic,"Location Matched"
570,77.06,5,Grocery,0,0,81,3,46,0,Legitimate,Night,Medium,46-55,"Low Risk","Low Velocity",Domestic,"Location Matched"
571,129.87,8,Grocery,0,0,61,2,64,0,Legitimate,Morning,Medium,56+,"Medium Risk","Low Velocity",Domestic,"Location Matched"
572,275.56,14,Clothing,0,0,30,6,32,0,Legitimate,Afternoon,High,26-35,"High Risk","Medium Velocity",Domestic,"Location Matched"
573,90.91,11,Electronics,0,0,95,3,48,0,Legitimate,Morning,Medium,46-55,"Low Risk","Low Velocity",Domestic,"Location Matched"
574,175.16,2,Travel,0,0,69,1,29,0,Legitimate,Night,Medium,26-35,"Medium Risk","Low Velocity",Domestic,"Location Matched"
575,356.97,10,Grocery,0,0,65,1,38,0,Legitimate,Morning,High,36-45,"Medium Risk","Low Velocity",Domestic,"Location Matched"
576,537.51,14,Clothing,1,0,29,2,65,0,Legitimate,Afternoon,"Very High",56+,"High Risk","Low Velocity",Foreign,"Location Matched"
577,28.63,2,Travel,0,0,84,4,33,0,Legitimate,Night,Low,26-35,"Low Risk","Medium Velocity",Domestic,"Location Matched"
578,470.1,13,Grocery,0,0,91,2,56,0,Legitimate,Afternoon,High,56+,"Low Risk","Low Velocity",Domestic,"Location Matched"
579,121.95,1,Food,0,0,41,2,49,0,Legitimate,Night,Medium,46-55,"Medium Risk","Low Velocity",Domestic,"Location Matched"
580,53.77,3,Clothing,0,0,89,1,23,0,Legitimate,Night,Medium,18-25,"Low Risk","Low Velocity",Domestic,"Location Matched"
581,110.63,18,Food,0,1,79,4,41,0,Legitimate,Evening,Medium,36-45,"Low Risk","Medium Velocity",Domestic,"Location Mismatch"
582,704.46,11,Electronics,0,0,33,2,49,0,Legitimate,Morning,"Very High",46-55,"High Risk","Low Velocity",Domestic,"Location Matched"
583,122.13,1,Travel,0,1,28,1,35,1,Fraud,Night,Medium,26-35,"High Risk","Low Velocity",Domestic,"Location Mismatch"
584,71.75,16,Clothing,0,0,66,1,61,0,Legitimate,Afternoon,Medium,56+,"Medium Risk","Low Velocity",Domestic,"Location Matched"
585,180.63,2,Grocery,0,0,70,1,27,0,Legitimate,Night,Medium,26-35,"Low Risk","Low Velocity",Domestic,"Location Matched"
586,49.43,9,Grocery,1,0,98,6,46,0,Legitimate,Morning,Low,46-55,"Low Risk","Medium Velocity",Foreign,"Location Matched"
587,14.2,15,Travel,0,0,25,4,26,0,Legitimate,Afternoon,Low,26-35,"High Risk","Medium Velocity",Domestic,"Location Matched"
588,24.84,21,Food,0,0,41,2,30,0,Legitimate,Evening,Low,26-35,"Medium Risk","Low Velocity",Domestic,"Location Matched"
589,24.66,8,Food,0,0,31,3,68,0,Legitimate,Morning,Low,56+,"High Risk","Low Velocity",Domestic,"Location Matched"
590,29.66,10,Clothing,0,0,29,1,44,0,Legitimate,Morning,Low,36-45,"High Risk","Low Velocity",Domestic,"Location Matched"
591,26.9,20,Clothing,1,0,76,2,54,0,Legitimate,Evening,Low,46-55,"Low Risk","Low Velocity",Foreign,"Location Matched"
592,184.34,14,Food,0,0,77,2,25,0,Legitimate,Afternoon,Medium,18-25,"Low Risk","Low Velocity",Domestic,"Location Matched"
593,36.13,2,Clothing,0,0,27,3,19,0,Legitimate,Night,Low,18-25,"High Risk","Low Velocity",Domestic,"Location Matched"
594,76.35,15,Food,0,0,86,2,59,0,Legitimate,Afternoon,Medium,56+,"Low Risk","Low Velocity",Domestic,"Location Matched"
595,408.78,20,Travel,0,0,56,4,21,0,Legitimate,Evening,High,18-25,"Medium Risk","Medium Velocity",Domestic,"Location Matched"
596,115.63,20,Clothing,0,0,26,1,27,0,Legitimate,Evening,Medium,26-35,"High Risk","Low Velocity",Domestic,"Location Matched"
597,198.23,20,Food,0,1,77,5,31,0,Legitimate,Evening,Medium,26-35,"Low Risk","Medium Velocity",Domestic,"Location Mismatch"
598,34.04,11,Clothing,0,0,36,0,42,0,Legitimate,Morning,Low,36-45,"High Risk","Low Velocity",Domestic,"Location Matched"
599,38.44,22,Grocery,0,0,29,2,58,0,Legitimate,Evening,Low,56+,"High Risk","Low Velocity",Domestic,"Location Matched"
600,7.51,4,Grocery,0,0,28,1,31,0,Legitimate,Night,Low,26-35,"High Risk","Low Velocity",Domestic,"Location Matched"
601,33.31,6,Electronics,0,0,80,2,27,0,Legitimate,Morning,Low,26-35,"Low Risk","Low Velocity",Domestic,"Location Matched"
602,58.78,8,Food,1,0,88,1,25,0,Legitimate,Morning,Medium,18-25,"Low Risk","Low Velocity",Foreign,"Location Matched"
603,35.07,20,Electronics,1,0,69,1,23,0,Legitimate,Evening,Low,18-25,"Medium Risk","Low Velocity",Foreign,"Location Matched"
604,16.72,17,Food,1,0,84,0,22,0,Legitimate,Afternoon,Low,18-25,"Low Risk","Low Velocity",Foreign,"Location Matched"
605,23.14,20,Clothing,1,0,44,4,38,0,Legitimate,Evening,Low,36-45,"Medium Risk","Medium Velocity",Foreign,"Location Matched"
606,111.17,7,Food,0,0,77,2,66,0,Legitimate,Morning,Medium,56+,"Low Risk","Low Velocity",Domestic,"Location Matched"
607,41.6,11,Grocery,0,0,97,4,40,0,Legitimate,Morning,Low,36-45,"Low Risk","Medium Velocity",Domestic,"Location Matched"
608,81.54,19,Clothing,0,0,40,1,54,0,Legitimate,Evening,Medium,46-55,"Medium Risk","Low Velocity",Domestic,"Location Matched"
609,126,1,Grocery,0,0,54,6,36,0,Legitimate,Night,Medium,36-45,"Medium Risk","Medium Velocity",Domestic,"Location Matched"
610,211.04,9,Clothing,0,0,44,4,66,0,Legitimate,Morning,High,56+,"Medium Risk","Medium Velocity",Domestic,"Location Matched"
611,7.22,18,Food,0,0,76,5,37,0,Legitimate,Evening,Low,36-45,"Low Risk","Medium Velocity",Domestic,"Location Matched"
612,289.17,8,Food,1,0,60,0,27,0,Legitimate,Morning,High,26-35,"Medium Risk","Low Velocity",Foreign,"Location Matched"
613,177.95,23,Grocery,0,0,46,4,35,0,Legitimate,Evening,Medium,26-35,"Medium Risk","Medium Velocity",Domestic,"Location Matched"
614,15.35,7,Travel,0,1,25,2,37,0,Legitimate,Morning,Low,36-45,"High Risk","Low Velocity",Domestic,"Location Mismatch"
615,372.26,23,Food,0,0,45,4,65,0,Legitimate,Evening,High,56+,"Medium Risk","Medium Velocity",Domestic,"Location Matched"
616,456.6,23,Travel,0,0,72,2,28,0,Legitimate,Evening,High,26-35,"Low Risk","Low Velocity",Domestic,"Location Matched"
617,11.34,23,Clothing,0,0,96,1,32,0,Legitimate,Evening,Low,26-35,"Low Risk","Low Velocity",Domestic,"Location Matched"
618,58.35,0,Travel,0,1,29,4,49,1,Fraud,Night,Medium,46-55,"High Risk","Medium Velocity",Domestic,"Location Mismatch"
619,295.37,5,Grocery,0,0,64,4,28,0,Legitimate,Night,High,26-35,"Medium Risk","Medium Velocity",Domestic,"Location Matched"
620,248.28,11,Electronics,0,0,69,0,69,0,Legitimate,Morning,High,56+,"Medium Risk","Low Velocity",Domestic,"Location Matched"
621,36.72,23,Electronics,0,1,55,0,46,0,Legitimate,Evening,Low,46-55,"Medium Risk","Low Velocity",Domestic,"Location Mismatch"
622,42.28,18,Grocery,0,0,39,1,57,0,Legitimate,Evening,Low,56+,"High Risk","Low Velocity",Domestic,"Location Matched"
623,83.3,16,Electronics,1,0,82,1,56,0,Legitimate,Afternoon,Medium,56+,"Low Risk","Low Velocity",Foreign,"Location Matched"
624,119.28,1,Grocery,0,0,77,1,18,0,Legitimate,Night,Medium,18-25,"Low Risk","Low Velocity",Domestic,"Location Matched"
625,173.34,10,Food,1,0,69,2,64,0,Legitimate,Morning,Medium,56+,"Medium Risk","Low Velocity",Foreign,"Location Matched"
626,82.86,17,Travel,0,0,91,0,44,0,Legitimate,Afternoon,Medium,36-45,"Low Risk","Low Velocity",Domestic,"Location Matched"
627,111.76,22,Electronics,0,0,66,0,52,0,Legitimate,Evening,Medium,46-55,"Medium Risk","Low Velocity",Domestic,"Location Matched"
628,247.72,21,Food,0,0,48,5,25,0,Legitimate,Evening,High,18-25,"Medium Risk","Medium Velocity",Domestic,"Location Matched"
629,6.73,10,Electronics,0,0,62,3,29,0,Legitimate,Morning,Low,26-35,"Medium Risk","Low Velocity",Domestic,"Location Matched"
630,52.37,17,Clothing,0,0,75,4,45,0,Legitimate,Afternoon,Medium,36-45,"Low Risk","Medium Velocity",Domestic,"Location Matched"
631,224.91,7,Grocery,0,0,48,3,65,0,Legitimate,Morning,High,56+,"Medium Risk","Low Velocity",Domestic,"Location Matched"
632,406.04,14,Grocery,0,0,57,1,36,0,Legitimate,Afternoon,High,36-45,"Medium Risk","Low Velocity",Domestic,"Location Matched"
633,129.02,8,Food,1,0,43,2,46,0,Legitimate,Morning,Medium,46-55,"Medium Risk","Low Velocity",Foreign,"Location Matched"
634,136.72,14,Clothing,0,0,49,1,59,0,Legitimate,Afternoon,Medium,56+,"Medium Risk","Low Velocity",Domestic,"Location Matched"
635,20.41,6,Travel,1,0,94,1,59,0,Legitimate,Morning,Low,56+,"Low Risk","Low Velocity",Foreign,"Location Matched"
636,106.77,19,Clothing,0,0,73,2,35,0,Legitimate,Evening,Medium,26-35,"Low Risk","Low Velocity",Domestic,"Location Matched"
637,136.91,12,Clothing,0,0,41,2,51,0,Legitimate,Afternoon,Medium,46-55,"Medium Risk","Low Velocity",Domestic,"Location Matched"
638,49.98,12,Travel,0,0,45,2,68,0,Legitimate,Afternoon,Low,56+,"Medium Risk","Low Velocity",Domestic,"Location Matched"
639,56.46,0,Travel,0,0,67,3,36,0,Legitimate,Night,Medium,36-45,"Medium Risk","Low Velocity",Domestic,"Location Matched"
640,85.26,19,Clothing,0,1,46,3,41,0,Legitimate,Evening,Medium,36-45,"Medium Risk","Low Velocity",Domestic,"Location Mismatch"
641,3.65,3,Electronics,0,0,87,1,51,0,Legitimate,Night,Low,46-55,"Low Risk","Low Velocity",Domestic,"Location Matched"
642,69.97,23,Electronics,0,0,48,1,49,0,Legitimate,Evening,Medium,46-55,"Medium Risk","Low Velocity",Domestic,"Location Matched"
643,42.76,3,Clothing,0,0,57,1,19,0,Legitimate,Night,Low,18-25,"Medium Risk","Low Velocity",Domestic,"Location Matched"
644,71.41,3,Electronics,0,0,91,2,49,0,Legitimate,Night,Medium,46-55,"Low Risk","Low Velocity",Domestic,"Location Matched"
645,22.96,12,Travel,0,0,41,2,25,0,Legitimate,Afternoon,Low,18-25,"Medium Risk","Low Velocity",Domestic,"Location Matched"
646,398.17,1,Travel,1,1,72,2,62,1,Fraud,Night,High,56+,"Low Risk","Low Velocity",Foreign,"Location Mismatch"
647,162.07,22,Electronics,1,0,68,2,26,0,Legitimate,Evening,Medium,26-35,"Medium Risk","Low Velocity",Foreign,"Location Matched"
648,204.59,14,Travel,0,0,49,2,40,0,Legitimate,Afternoon,High,36-45,"Medium Risk","Low Velocity",Domestic,"Location Matched"
649,280.21,3,Grocery,0,0,96,0,46,0,Legitimate,Night,High,46-55,"Low Risk","Low Velocity",Domestic,"Location Matched"
650,124.21,5,Travel,0,0,84,0,24,0,Legitimate,Night,Medium,18-25,"Low Risk","Low Velocity",Domestic,"Location Matched"
651,16.37,2,Clothing,0,0,53,1,22,0,Legitimate,Night,Low,18-25,"Medium Risk","Low Velocity",Domestic,"Location Matched"
652,138.65,6,Food,0,0,36,1,57,0,Legitimate,Morning,Medium,56+,"High Risk","Low Velocity",Domestic,"Location Matched"
653,159.11,5,Electronics,0,1,33,1,49,0,Legitimate,Night,Medium,46-55,"High Risk","Low Velocity",Domestic,"Location Mismatch"
654,246.28,2,Electronics,0,0,77,1,57,0,Legitimate,Night,High,56+,"Low Risk","Low Velocity",Domestic,"Location Matched"
655,101.71,3,Travel,0,0,85,3,20,0,Legitimate,Night,Medium,18-25,"Low Risk","Low Velocity",Domestic,"Location Matched"
656,24.57,9,Travel,1,1,55,6,27,1,Fraud,Morning,Low,26-35,"Medium Risk","Medium Velocity",Foreign,"Location Mismatch"
657,60.08,20,Food,0,0,72,2,57,0,Legitimate,Evening,Medium,56+,"Low Risk","Low Velocity",Domestic,"Location Matched"
658,81.2,8,Food,0,0,71,1,46,0,Legitimate,Morning,Medium,46-55,"Low Risk","Low Velocity",Domestic,"Location Matched"
659,186.88,5,Clothing,0,1,57,0,62,0,Legitimate,Night,Medium,56+,"Medium Risk","Low Velocity",Domestic,"Location Mismatch"
660,152.24,19,Grocery,0,0,91,0,36,0,Legitimate,Evening,Medium,36-45,"Low Risk","Low Velocity",Domestic,"Location Matched"
661,79.24,10,Clothing,0,0,88,2,42,0,Legitimate,Morning,Medium,36-45,"Low Risk","Low Velocity",Domestic,"Location Matched"
662,775.12,6,Electronics,0,0,41,2,37,0,Legitimate,Morning,"Very High",36-45,"Medium Risk","Low Velocity",Domestic,"Location Matched"
663,167.55,17,Travel,0,0,68,3,64,0,Legitimate,Afternoon,Medium,56+,"Medium Risk","Low Velocity",Domestic,"Location Matched"
664,48.74,3,Clothing,0,0,29,3,55,0,Legitimate,Night,Low,46-55,"High Risk","Low Velocity",Domestic,"Location Matched"
665,19.32,4,Travel,0,0,86,4,63,0,Legitimate,Night,Low,56+,"Low Risk","Medium Velocity",Domestic,"Location Matched"
666,29.86,3,Travel,0,1,87,4,27,0,Legitimate,Night,Low,26-35,"Low Risk","Medium Velocity",Domestic,"Location Mismatch"
667,50.82,3,Clothing,0,0,63,2,68,0,Legitimate,Night,Medium,56+,"Medium Risk","Low Velocity",Domestic,"Location Matched"
668,31.53,12,Clothing,0,0,96,1,28,0,Legitimate,Afternoon,Low,26-35,"Low Risk","Low Velocity",Domestic,"Location Matched"
669,37.17,15,Food,0,0,66,1,31,0,Legitimate,Afternoon,Low,26-35,"Medium Risk","Low Velocity",Domestic,"Location Matched"
670,60.41,13,Grocery,0,0,45,3,68,0,Legitimate,Afternoon,Medium,56+,"Medium Risk","Low Velocity",Domestic,"Location Matched"
671,34.27,10,Food,0,0,71,3,48,0,Legitimate,Morning,Low,46-55,"Low Risk","Low Velocity",Domestic,"Location Matched"
672,408.74,1,Grocery,0,0,98,0,22,0,Legitimate,Night,High,18-25,"Low Risk","Low Velocity",Domestic,"Location Matched"
673,15.05,21,Clothing,0,1,52,0,60,0,Legitimate,Evening,Low,56+,"Medium Risk","Low Velocity",Domestic,"Location Mismatch"
674,133.81,13,Grocery,0,0,45,0,45,0,Legitimate,Afternoon,Medium,36-45,"Medium Risk","Low Velocity",Domestic,"Location Matched"
675,95.1,23,Electronics,0,1,52,1,36,0,Legitimate,Evening,Medium,36-45,"Medium Risk","Low Velocity",Domestic,"Location Mismatch"
676,726.96,23,Food,0,0,43,2,50,0,Legitimate,Evening,"Very High",46-55,"Medium Risk","Low Velocity",Domestic,"Location Matched"
677,21.39,6,Food,0,1,87,3,19,0,Legitimate,Morning,Low,18-25,"Low Risk","Low Velocity",Domestic,"Location Mismatch"
678,91.31,10,Food,0,0,76,1,46,0,Legitimate,Morning,Medium,46-55,"Low Risk","Low Velocity",Domestic,"Location Matched"
679,628.03,3,Travel,0,0,62,3,35,0,Legitimate,Night,"Very High",26-35,"Medium Risk","Low Velocity",Domestic,"Location Matched"
680,361.12,6,Travel,0,0,70,3,63,0,Legitimate,Morning,High,56+,"Low Risk","Low Velocity",Domestic,"Location Matched"
681,305.76,15,Clothing,0,0,48,2,27,0,Legitimate,Afternoon,High,26-35,"Medium Risk","Low Velocity",Domestic,"Location Matched"
682,53.69,5,Clothing,0,0,69,4,55,0,Legitimate,Night,Medium,46-55,"Medium Risk","Medium Velocity",Domestic,"Location Matched"
683,33.73,5,Travel,1,0,33,2,32,0,Legitimate,Night,Low,26-35,"High Risk","Low Velocity",Foreign,"Location Matched"
684,198.82,1,Food,0,0,33,2,39,0,Legitimate,Night,Medium,36-45,"High Risk","Low Velocity",Domestic,"Location Matched"
685,477.07,23,Travel,0,0,45,1,44,0,Legitimate,Evening,High,36-45,"Medium Risk","Low Velocity",Domestic,"Location Matched"
686,146.46,7,Grocery,0,0,48,1,44,0,Legitimate,Morning,Medium,36-45,"Medium Risk","Low Velocity",Domestic,"Location Matched"
687,152.59,6,Food,0,0,88,2,39,0,Legitimate,Morning,Medium,36-45,"Low Risk","Low Velocity",Domestic,"Location Matched"
688,59.13,23,Travel,0,0,64,3,38,0,Legitimate,Evening,Medium,36-45,"Medium Risk","Low Velocity",Domestic,"Location Matched"
689,264.15,13,Clothing,0,0,98,2,48,0,Legitimate,Afternoon,High,46-55,"Low Risk","Low Velocity",Domestic,"Location Matched"
690,37.27,8,Travel,0,0,76,3,51,0,Legitimate,Morning,Low,46-55,"Low Risk","Low Velocity",Domestic,"Location Matched"
691,70.4,14,Electronics,0,0,28,1,23,0,Legitimate,Afternoon,Medium,18-25,"High Risk","Low Velocity",Domestic,"Location Matched"
692,99.75,21,Travel,0,0,27,0,30,0,Legitimate,Evening,Medium,26-35,"High Risk","Low Velocity",Domestic,"Location Matched"
693,127.53,17,Food,0,0,37,4,57,0,Legitimate,Afternoon,Medium,56+,"High Risk","Medium Velocity",Domestic,"Location Matched"
694,49.97,11,Travel,0,0,45,1,32,0,Legitimate,Morning,Low,26-35,"Medium Risk","Low Velocity",Domestic,"Location Matched"
695,21.96,22,Clothing,0,0,32,2,44,0,Legitimate,Evening,Low,36-45,"High Risk","Low Velocity",Domestic,"Location Matched"
696,169.78,18,Grocery,1,0,97,5,48,0,Legitimate,Evening,Medium,46-55,"Low Risk","Medium Velocity",Foreign,"Location Matched"
697,61.3,12,Electronics,0,0,25,3,65,0,Legitimate,Afternoon,Medium,56+,"High Risk","Low Velocity",Domestic,"Location Matched"
698,156.68,6,Food,0,0,38,1,59,0,Legitimate,Morning,Medium,56+,"High Risk","Low Velocity",Domestic,"Location Matched"
699,30.18,9,Clothing,0,0,60,4,40,0,Legitimate,Morning,Low,36-45,"Medium Risk","Medium Velocity",Domestic,"Location Matched"
700,118.1,9,Electronics,0,0,46,0,63,0,Legitimate,Morning,Medium,56+,"Medium Risk","Low Velocity",Domestic,"Location Matched"
701,136.9,1,Travel,0,0,60,2,52,0,Legitimate,Night,Medium,46-55,"Medium Risk","Low Velocity",Domestic,"Location Matched"
702,9.58,13,Electronics,0,0,69,3,25,0,Legitimate,Afternoon,Low,18-25,"Medium Risk","Low Velocity",Domestic,"Location Matched"
703,73.87,12,Grocery,0,0,40,3,50,0,Legitimate,Afternoon,Medium,46-55,"Medium Risk","Low Velocity",Domestic,"Location Matched"
704,25.98,21,Electronics,0,0,35,0,45,0,Legitimate,Evening,Low,36-45,"High Risk","Low Velocity",Domestic,"Location Matched"
705,11.79,5,Electronics,0,0,91,0,24,0,Legitimate,Night,Low,18-25,"Low Risk","Low Velocity",Domestic,"Location Matched"
706,828.22,8,Travel,0,0,49,1,53,0,Legitimate,Morning,"Very High",46-55,"Medium Risk","Low Velocity",Domestic,"Location Matched"
707,70.04,12,Travel,0,0,91,2,60,0,Legitimate,Afternoon,Medium,56+,"Low Risk","Low Velocity",Domestic,"Location Matched"
708,298.81,8,Food,1,0,55,2,30,0,Legitimate,Morning,High,26-35,"Medium Risk","Low Velocity",Foreign,"Location Matched"
709,52.9,12,Travel,1,0,89,2,59,0,Legitimate,Afternoon,Medium,56+,"Low Risk","Low Velocity",Foreign,"Location Matched"
710,205.95,4,Electronics,0,0,35,3,48,0,Legitimate,Night,High,46-55,"High Risk","Low Velocity",Domestic,"Location Matched"
711,257.05,13,Grocery,0,0,62,5,30,0,Legitimate,Afternoon,High,26-35,"Medium Risk","Medium Velocity",Domestic,"Location Matched"
712,162.98,4,Travel,0,0,26,2,52,0,Legitimate,Night,Medium,46-55,"High Risk","Low Velocity",Domestic,"Location Matched"
713,114.81,8,Food,0,0,78,2,67,0,Legitimate,Morning,Medium,56+,"Low Risk","Low Velocity",Domestic,"Location Matched"
714,95.54,7,Food,0,0,31,1,24,0,Legitimate,Morning,Medium,18-25,"High Risk","Low Velocity",Domestic,"Location Matched"
715,77.23,6,Electronics,0,0,73,2,39,0,Legitimate,Morning,Medium,36-45,"Low Risk","Low Velocity",Domestic,"Location Matched"
716,477.46,7,Travel,0,0,64,4,57,0,Legitimate,Morning,High,56+,"Medium Risk","Medium Velocity",Domestic,"Location Matched"
717,319.61,21,Travel,0,0,69,3,69,0,Legitimate,Evening,High,56+,"Medium Risk","Low Velocity",Domestic,"Location Matched"
718,603.57,2,Food,0,0,78,4,51,0,Legitimate,Night,"Very High",46-55,"Low Risk","Medium Velocity",Domestic,"Location Matched"
719,23.89,22,Travel,0,0,85,2,26,0,Legitimate,Evening,Low,26-35,"Low Risk","Low Velocity",Domestic,"Location Matched"
720,236.26,23,Electronics,0,0,28,3,49,0,Legitimate,Evening,High,46-55,"High Risk","Low Velocity",Domestic,"Location Matched"
721,501.5,14,Grocery,1,0,58,2,52,0,Legitimate,Afternoon,"Very High",46-55,"Medium Risk","Low Velocity",Foreign,"Location Matched"
722,35.99,7,Electronics,0,0,32,1,20,0,Legitimate,Morning,Low,18-25,"High Risk","Low Velocity",Domestic,"Location Matched"
723,12.39,0,Travel,0,0,56,3,38,0,Legitimate,Night,Low,36-45,"Medium Risk","Low Velocity",Domestic,"Location Matched"
724,243.25,6,Electronics,0,0,42,2,30,0,Legitimate,Morning,High,26-35,"Medium Risk","Low Velocity",Domestic,"Location Matched"
725,153.8,18,Clothing,0,0,64,1,50,0,Legitimate,Evening,Medium,46-55,"Medium Risk","Low Velocity",Domestic,"Location Matched"
726,331.93,1,Clothing,0,0,99,2,53,0,Legitimate,Night,High,46-55,"Low Risk","Low Velocity",Domestic,"Location Matched"
727,27.1,13,Travel,0,0,80,3,27,0,Legitimate,Afternoon,Low,26-35,"Low Risk","Low Velocity",Domestic,"Location Matched"
728,285.49,17,Travel,0,0,61,3,53,0,Legitimate,Afternoon,High,46-55,"Medium Risk","Low Velocity",Domestic,"Location Matched"
729,40.53,14,Grocery,0,0,79,2,35,0,Legitimate,Afternoon,Low,26-35,"Low Risk","Low Velocity",Domestic,"Location Matched"
730,32.17,13,Electronics,0,0,60,4,48,0,Legitimate,Afternoon,Low,46-55,"Medium Risk","Medium Velocity",Domestic,"Location Matched"
731,32.3,23,Grocery,1,0,34,1,62,0,Legitimate,Evening,Low,56+,"High Risk","Low Velocity",Foreign,"Location Matched"
732,303.32,18,Travel,0,0,94,2,57,0,Legitimate,Evening,High,56+,"Low Risk","Low Velocity",Domestic,"Location Matched"
733,196.96,18,Travel,0,0,87,0,18,0,Legitimate,Evening,Medium,18-25,"Low Risk","Low Velocity",Domestic,"Location Matched"
734,133.27,21,Food,1,1,58,1,48,0,Legitimate,Evening,Medium,46-55,"Medium Risk","Low Velocity",Foreign,"Location Mismatch"
735,80,16,Grocery,0,0,96,8,43,0,Legitimate,Afternoon,Medium,36-45,"Low Risk","High Velocity",Domestic,"Location Matched"
736,377.5,21,Travel,0,0,41,3,33,0,Legitimate,Evening,High,26-35,"Medium Risk","Low Velocity",Domestic,"Location Matched"
737,89.7,18,Clothing,0,0,85,0,55,0,Legitimate,Evening,Medium,46-55,"Low Risk","Low Velocity",Domestic,"Location Matched"
738,305.29,15,Food,0,0,42,2,29,0,Legitimate,Afternoon,High,26-35,"Medium Risk","Low Velocity",Domestic,"Location Matched"
739,104.09,19,Electronics,0,0,85,1,65,0,Legitimate,Evening,Medium,56+,"Low Risk","Low Velocity",Domestic,"Location Matched"
740,85.16,18,Food,0,0,60,2,60,0,Legitimate,Evening,Medium,56+,"Medium Risk","Low Velocity",Domestic,"Location Matched"
741,111.81,0,Electronics,0,0,77,1,60,0,Legitimate,Night,Medium,56+,"Low Risk","Low Velocity",Domestic,"Location Matched"
742,64.56,18,Clothing,0,0,57,0,68,0,Legitimate,Evening,Medium,56+,"Medium Risk","Low Velocity",Domestic,"Location Matched"
743,247.82,6,Electronics,0,0,47,1,46,0,Legitimate,Morning,High,46-55,"Medium Risk","Low Velocity",Domestic,"Location Matched"
744,125.75,22,Grocery,0,0,88,5,29,0,Legitimate,Evening,Medium,26-35,"Low Risk","Medium Velocity",Domestic,"Location Matched"
745,47.56,10,Electronics,0,0,62,6,22,0,Legitimate,Morning,Low,18-25,"Medium Risk","Medium Velocity",Domestic,"Location Matched"
746,413.7,4,Electronics,0,0,93,1,59,0,Legitimate,Night,High,56+,"Low Risk","Low Velocity",Domestic,"Location Matched"
747,87.18,16,Food,0,0,54,1,19,0,Legitimate,Afternoon,Medium,18-25,"Medium Risk","Low Velocity",Domestic,"Location Matched"
748,141.17,10,Clothing,0,0,40,0,29,0,Legitimate,Morning,Medium,26-35,"Medium Risk","Low Velocity",Domestic,"Location Matched"
749,426.51,23,Electronics,0,0,78,0,31,0,Legitimate,Evening,High,26-35,"Low Risk","Low Velocity",Domestic,"Location Matched"
750,176.18,7,Grocery,1,0,83,0,64,0,Legitimate,Morning,Medium,56+,"Low Risk","Low Velocity",Foreign,"Location Matched"
751,22.38,9,Food,0,0,30,2,47,0,Legitimate,Morning,Low,46-55,"High Risk","Low Velocity",Domestic,"Location Matched"
752,505.91,11,Clothing,0,0,29,1,52,0,Legitimate,Morning,"Very High",46-55,"High Risk","Low Velocity",Domestic,"Location Matched"
753,177.85,9,Clothing,0,0,25,2,64,0,Legitimate,Morning,Medium,56+,"High Risk","Low Velocity",Domestic,"Location Matched"
754,73.41,12,Travel,0,1,38,2,34,0,Legitimate,Afternoon,Medium,26-35,"High Risk","Low Velocity",Domestic,"Location Mismatch"
755,27,17,Grocery,0,0,55,3,20,0,Legitimate,Afternoon,Low,18-25,"Medium Risk","Low Velocity",Domestic,"Location Matched"
756,284.4,9,Food,0,0,75,1,26,0,Legitimate,Morning,High,26-35,"Low Risk","Low Velocity",Domestic,"Location Matched"
757,174.2,18,Food,1,0,43,0,24,0,Legitimate,Evening,Medium,18-25,"Medium Risk","Low Velocity",Foreign,"Location Matched"
758,137.23,19,Grocery,0,0,56,2,37,0,Legitimate,Evening,Medium,36-45,"Medium Risk","Low Velocity",Domestic,"Location Matched"
759,403.79,16,Clothing,0,0,81,1,29,0,Legitimate,Afternoon,High,26-35,"Low Risk","Low Velocity",Domestic,"Location Matched"
760,279.72,19,Electronics,0,0,55,0,24,0,Legitimate,Evening,High,18-25,"Medium Risk","Low Velocity",Domestic,"Location Matched"
761,29.61,15,Grocery,0,0,82,1,46,0,Legitimate,Afternoon,Low,46-55,"Low Risk","Low Velocity",Domestic,"Location Matched"
762,67.24,4,Food,0,0,50,2,46,0,Legitimate,Night,Medium,46-55,"Medium Risk","Low Velocity",Domestic,"Location Matched"
763,51.42,2,Grocery,0,0,72,2,35,0,Legitimate,Night,Medium,26-35,"Low Risk","Low Velocity",Domestic,"Location Matched"
764,245.23,14,Clothing,0,0,65,1,19,0,Legitimate,Afternoon,High,18-25,"Medium Risk","Low Velocity",Domestic,"Location Matched"
765,6.14,1,Travel,0,0,49,0,65,0,Legitimate,Night,Low,56+,"Medium Risk","Low Velocity",Domestic,"Location Matched"
766,151.87,12,Travel,0,0,71,1,28,0,Legitimate,Afternoon,Medium,26-35,"Low Risk","Low Velocity",Domestic,"Location Matched"
767,258.73,21,Electronics,0,0,78,0,43,0,Legitimate,Evening,High,36-45,"Low Risk","Low Velocity",Domestic,"Location Matched"
768,376.86,7,Electronics,0,0,81,2,44,0,Legitimate,Morning,High,36-45,"Low Risk","Low Velocity",Domestic,"Location Matched"
769,75.36,22,Clothing,1,0,96,0,36,0,Legitimate,Evening,Medium,36-45,"Low Risk","Low Velocity",Foreign,"Location Matched"
770,309.93,16,Electronics,0,0,85,0,55,0,Legitimate,Afternoon,High,46-55,"Low Risk","Low Velocity",Domestic,"Location Matched"
771,21.1,3,Travel,0,1,28,2,37,1,Fraud,Night,Low,36-45,"High Risk","Low Velocity",Domestic,"Location Mismatch"
772,337.27,18,Clothing,0,0,55,1,41,0,Legitimate,Evening,High,36-45,"Medium Risk","Low Velocity",Domestic,"Location Matched"
773,24.55,21,Clothing,1,0,91,3,56,0,Legitimate,Evening,Low,56+,"Low Risk","Low Velocity",Foreign,"Location Matched"
774,91.14,8,Clothing,0,0,65,4,30,0,Legitimate,Morning,Medium,26-35,"Medium Risk","Medium Velocity",Domestic,"Location Matched"
775,287.28,22,Grocery,0,0,50,2,23,0,Legitimate,Evening,High,18-25,"Medium Risk","Low Velocity",Domestic,"Location Matched"
776,29.24,14,Electronics,1,1,92,2,57,0,Legitimate,Afternoon,Low,56+,"Low Risk","Low Velocity",Foreign,"Location Mismatch"
777,46.87,8,Food,0,0,90,2,54,0,Legitimate,Morning,Low,46-55,"Low Risk","Low Velocity",Domestic,"Location Matched"
778,230.59,23,Travel,0,0,43,3,18,0,Legitimate,Evening,High,18-25,"Medium Risk","Low Velocity",Domestic,"Location Matched"
779,229.16,20,Electronics,0,0,49,0,69,0,Legitimate,Evening,High,56+,"Medium Risk","Low Velocity",Domestic,"Location Matched"
780,184.47,8,Travel,0,0,71,3,19,0,Legitimate,Morning,Medium,18-25,"Low Risk","Low Velocity",Domestic,"Location Matched"
781,213.12,13,Electronics,0,0,95,3,55,0,Legitimate,Afternoon,High,46-55,"Low Risk","Low Velocity",Domestic,"Location Matched"
782,140.84,22,Food,0,0,32,2,58,0,Legitimate,Evening,Medium,56+,"High Risk","Low Velocity",Domestic,"Location Matched"
783,52.22,20,Travel,0,1,27,0,47,0,Legitimate,Evening,Medium,46-55,"High Risk","Low Velocity",Domestic,"Location Mismatch"
784,76.35,15,Food,0,0,57,2,41,0,Legitimate,Afternoon,Medium,36-45,"Medium Risk","Low Velocity",Domestic,"Location Matched"
785,36.07,23,Travel,0,0,52,3,58,0,Legitimate,Evening,Low,56+,"Medium Risk","Low Velocity",Domestic,"Location Matched"
786,430.36,22,Grocery,0,0,46,2,55,0,Legitimate,Evening,High,46-55,"Medium Risk","Low Velocity",Domestic,"Location Matched"
787,157.61,16,Grocery,0,0,54,2,44,0,Legitimate,Afternoon,Medium,36-45,"Medium Risk","Low Velocity",Domestic,"Location Matched"
788,92.2,12,Travel,0,0,71,1,47,0,Legitimate,Afternoon,Medium,46-55,"Low Risk","Low Velocity",Domestic,"Location Matched"
789,111.58,8,Travel,0,0,60,3,26,0,Legitimate,Morning,Medium,26-35,"Medium Risk","Low Velocity",Domestic,"Location Matched"
790,529.71,14,Food,1,0,83,0,54,0,Legitimate,Afternoon,"Very High",46-55,"Low Risk","Low Velocity",Foreign,"Location Matched"
791,29.96,6,Clothing,0,0,38,3,33,0,Legitimate,Morning,Low,26-35,"High Risk","Low Velocity",Domestic,"Location Matched"
792,158.84,0,Travel,0,0,97,2,52,0,Legitimate,Night,Medium,46-55,"Low Risk","Low Velocity",Domestic,"Location Matched"
793,126.9,0,Electronics,0,0,38,4,45,0,Legitimate,Night,Medium,36-45,"High Risk","Medium Velocity",Domestic,"Location Matched"
794,170.16,4,Electronics,0,0,80,4,29,0,Legitimate,Night,Medium,26-35,"Low Risk","Medium Velocity",Domestic,"Location Matched"
795,3.29,23,Electronics,0,0,48,2,29,0,Legitimate,Evening,Low,26-35,"Medium Risk","Low Velocity",Domestic,"Location Matched"
796,370.2,8,Grocery,0,0,73,4,68,0,Legitimate,Morning,High,56+,"Low Risk","Medium Velocity",Domestic,"Location Matched"
797,484.2,11,Food,0,0,67,2,26,0,Legitimate,Morning,High,26-35,"Medium Risk","Low Velocity",Domestic,"Location Matched"
798,149.89,5,Grocery,0,0,27,4,46,0,Legitimate,Night,Medium,46-55,"High Risk","Medium Velocity",Domestic,"Location Matched"
799,214.72,12,Electronics,0,0,47,4,68,0,Legitimate,Afternoon,High,56+,"Medium Risk","Medium Velocity",Domestic,"Location Matched"
800,460.34,7,Travel,0,0,44,1,68,0,Legitimate,Morning,High,56+,"Medium Risk","Low Velocity",Domestic,"Location Matched"
801,221.11,14,Electronics,0,0,39,3,38,0,Legitimate,Afternoon,High,36-45,"High Risk","Low Velocity",Domestic,"Location Matched"
802,29.79,5,Travel,0,0,67,1,34,0,Legitimate,Night,Low,26-35,"Medium Risk","Low Velocity",Domestic,"Location Matched"
803,154.57,5,Food,0,0,95,4,50,0,Legitimate,Night,Medium,46-55,"Low Risk","Medium Velocity",Domestic,"Location Matched"
804,167.98,3,Clothing,0,0,57,4,51,0,Legitimate,Night,Medium,46-55,"Medium Risk","Medium Velocity",Domestic,"Location Matched"
805,99.34,10,Travel,0,0,79,0,43,0,Legitimate,Morning,Medium,36-45,"Low Risk","Low Velocity",Domestic,"Location Matched"
806,240.03,20,Grocery,0,0,65,7,35,0,Legitimate,Evening,High,26-35,"Medium Risk","Medium Velocity",Domestic,"Location Matched"
807,490.26,17,Electronics,0,0,42,1,51,0,Legitimate,Afternoon,High,46-55,"Medium Risk","Low Velocity",Domestic,"Location Matched"
808,467.62,2,Electronics,0,0,27,2,55,0,Legitimate,Night,High,46-55,"High Risk","Low Velocity",Domestic,"Location Matched"
809,107.89,2,Electronics,0,0,27,2,42,0,Legitimate,Night,Medium,36-45,"High Risk","Low Velocity",Domestic,"Location Matched"
810,21.63,11,Travel,0,0,40,2,69,0,Legitimate,Morning,Low,56+,"Medium Risk","Low Velocity",Domestic,"Location Matched"
811,754.05,20,Food,0,0,67,1,68,0,Legitimate,Evening,"Very High",56+,"Medium Risk","Low Velocity",Domestic,"Location Matched"
812,328.63,20,Travel,0,0,47,3,51,0,Legitimate,Evening,High,46-55,"Medium Risk","Low Velocity",Domestic,"Location Matched"
813,23.97,5,Grocery,0,0,39,0,67,0,Legitimate,Night,Low,56+,"High Risk","Low Velocity",Domestic,"Location Matched"
814,456.54,20,Electronics,0,0,97,4,65,0,Legitimate,Evening,High,56+,"Low Risk","Medium Velocity",Domestic,"Location Matched"
815,367.1,5,Travel,0,0,82,1,62,0,Legitimate,Night,High,56+,"Low Risk","Low Velocity",Domestic,"Location Matched"
816,131.68,7,Electronics,1,0,64,3,32,0,Legitimate,Morning,Medium,26-35,"Medium Risk","Low Velocity",Foreign,"Location Matched"
817,161.05,14,Grocery,0,1,62,6,19,0,Legitimate,Afternoon,Medium,18-25,"Medium Risk","Medium Velocity",Domestic,"Location Mismatch"
818,91.65,17,Clothing,0,0,30,3,40,0,Legitimate,Afternoon,Medium,36-45,"High Risk","Low Velocity",Domestic,"Location Matched"
819,10.14,19,Clothing,0,0,70,0,62,0,Legitimate,Evening,Low,56+,"Low Risk","Low Velocity",Domestic,"Location Matched"
820,73.49,15,Clothing,0,0,30,2,23,0,Legitimate,Afternoon,Medium,18-25,"High Risk","Low Velocity",Domestic,"Location Matched"
821,292.29,5,Electronics,0,0,44,3,56,0,Legitimate,Night,High,56+,"Medium Risk","Low Velocity",Domestic,"Location Matched"
822,0.84,20,Travel,0,0,43,1,36,0,Legitimate,Evening,Low,36-45,"Medium Risk","Low Velocity",Domestic,"Location Matched"
823,73.03,16,Electronics,0,0,38,6,51,0,Legitimate,Afternoon,Medium,46-55,"High Risk","Medium Velocity",Domestic,"Location Matched"
824,91.4,8,Food,0,0,89,2,54,0,Legitimate,Morning,Medium,46-55,"Low Risk","Low Velocity",Domestic,"Location Matched"
825,138.76,18,Travel,0,0,53,3,63,0,Legitimate,Evening,Medium,56+,"Medium Risk","Low Velocity",Domestic,"Location Matched"
826,454.31,17,Grocery,0,0,55,3,40,0,Legitimate,Afternoon,High,36-45,"Medium Risk","Low Velocity",Domestic,"Location Matched"
827,76.53,22,Clothing,0,0,49,3,32,0,Legitimate,Evening,Medium,26-35,"Medium Risk","Low Velocity",Domestic,"Location Matched"
828,76.7,4,Travel,1,0,95,4,19,0,Legitimate,Night,Medium,18-25,"Low Risk","Medium Velocity",Foreign,"Location Matched"
829,240.75,5,Travel,0,0,70,0,55,0,Legitimate,Night,High,46-55,"Low Risk","Low Velocity",Domestic,"Location Matched"
830,108.34,11,Clothing,0,0,76,2,42,0,Legitimate,Morning,Medium,36-45,"Low Risk","Low Velocity",Domestic,"Location Matched"
831,45.79,10,Grocery,0,0,40,0,61,0,Legitimate,Morning,Low,56+,"Medium Risk","Low Velocity",Domestic,"Location Matched"
832,108.41,15,Electronics,0,0,35,3,25,0,Legitimate,Afternoon,Medium,18-25,"High Risk","Low Velocity",Domestic,"Location Matched"
833,27.33,19,Electronics,0,0,42,4,28,0,Legitimate,Evening,Low,26-35,"Medium Risk","Medium Velocity",Domestic,"Location Matched"
834,34.93,16,Travel,0,0,80,4,46,0,Legitimate,Afternoon,Low,46-55,"Low Risk","Medium Velocity",Domestic,"Location Matched"
835,124.18,19,Clothing,1,0,80,0,22,0,Legitimate,Evening,Medium,18-25,"Low Risk","Low Velocity",Foreign,"Location Matched"
836,97.72,8,Food,0,0,81,1,54,0,Legitimate,Morning,Medium,46-55,"Low Risk","Low Velocity",Domestic,"Location Matched"
837,443.39,0,Grocery,0,1,93,3,37,0,Legitimate,Night,High,36-45,"Low Risk","Low Velocity",Domestic,"Location Mismatch"
838,81.01,2,Electronics,1,0,90,1,29,0,Legitimate,Night,Medium,26-35,"Low Risk","Low Velocity",Foreign,"Location Matched"
839,156.4,20,Grocery,0,0,98,3,33,0,Legitimate,Evening,Medium,26-35,"Low Risk","Low Velocity",Domestic,"Location Matched"
840,180.07,22,Grocery,0,0,40,2,38,0,Legitimate,Evening,Medium,36-45,"Medium Risk","Low Velocity",Domestic,"Location Matched"
841,2.37,8,Grocery,1,0,30,0,54,0,Legitimate,Morning,Low,46-55,"High Risk","Low Velocity",Foreign,"Location Matched"
842,196.07,21,Clothing,0,0,76,2,67,0,Legitimate,Evening,Medium,56+,"Low Risk","Low Velocity",Domestic,"Location Matched"
843,35.29,18,Clothing,0,0,79,1,38,0,Legitimate,Evening,Low,36-45,"Low Risk","Low Velocity",Domestic,"Location Matched"
844,584.28,12,Clothing,0,0,97,2,45,0,Legitimate,Afternoon,"Very High",36-45,"Low Risk","Low Velocity",Domestic,"Location Matched"
845,28.97,22,Travel,0,0,73,4,51,0,Legitimate,Evening,Low,46-55,"Low Risk","Medium Velocity",Domestic,"Location Matched"
846,96.39,13,Clothing,0,0,96,1,25,0,Legitimate,Afternoon,Medium,18-25,"Low Risk","Low Velocity",Domestic,"Location Matched"
847,16.06,19,Travel,0,0,80,1,63,0,Legitimate,Evening,Low,56+,"Low Risk","Low Velocity",Domestic,"Location Matched"
848,1038.25,18,Electronics,0,0,65,0,48,0,Legitimate,Evening,"Very High",46-55,"Medium Risk","Low Velocity",Domestic,"Location Matched"
849,125.56,22,Electronics,0,0,95,2,38,0,Legitimate,Evening,Medium,36-45,"Low Risk","Low Velocity",Domestic,"Location Matched"
850,162.87,6,Electronics,0,0,80,2,20,0,Legitimate,Morning,Medium,18-25,"Low Risk","Low Velocity",Domestic,"Location Matched"
851,12.5,3,Electronics,0,0,87,3,64,0,Legitimate,Night,Low,56+,"Low Risk","Low Velocity",Domestic,"Location Matched"
852,249.5,11,Electronics,0,0,52,1,38,0,Legitimate,Morning,High,36-45,"Medium Risk","Low Velocity",Domestic,"Location Matched"
853,42.41,22,Clothing,0,0,99,3,46,0,Legitimate,Evening,Low,46-55,"Low Risk","Low Velocity",Domestic,"Location Matched"
854,411,13,Food,0,0,55,1,49,0,Legitimate,Afternoon,High,46-55,"Medium Risk","Low Velocity",Domestic,"Location Matched"
855,41.33,1,Clothing,0,0,79,3,66,0,Legitimate,Night,Low,56+,"Low Risk","Low Velocity",Domestic,"Location Matched"
856,38.08,0,Food,0,0,76,1,43,0,Legitimate,Night,Low,36-45,"Low Risk","Low Velocity",Domestic,"Location Matched"
857,6.7,17,Clothing,1,0,98,4,30,0,Legitimate,Afternoon,Low,26-35,"Low Risk","Medium Velocity",Foreign,"Location Matched"
858,114.98,19,Electronics,0,0,90,2,32,0,Legitimate,Evening,Medium,26-35,"Low Risk","Low Velocity",Domestic,"Location Matched"
859,149.77,7,Grocery,0,0,70,3,19,0,Legitimate,Morning,Medium,18-25,"Low Risk","Low Velocity",Domestic,"Location Matched"
860,12.23,2,Food,1,0,28,3,66,1,Fraud,Night,Low,56+,"High Risk","Low Velocity",Foreign,"Location Matched"
861,268.92,5,Grocery,0,0,46,1,50,0,Legitimate,Night,High,46-55,"Medium Risk","Low Velocity",Domestic,"Location Matched"
862,108.69,21,Electronics,0,0,69,1,48,0,Legitimate,Evening,Medium,46-55,"Medium Risk","Low Velocity",Domestic,"Location Matched"
863,133.77,12,Food,0,0,52,4,18,0,Legitimate,Afternoon,Medium,18-25,"Medium Risk","Medium Velocity",Domestic,"Location Matched"
864,104.61,8,Grocery,0,0,34,1,32,0,Legitimate,Morning,Medium,26-35,"High Risk","Low Velocity",Domestic,"Location Matched"
865,92.18,8,Clothing,0,0,90,2,56,0,Legitimate,Morning,Medium,56+,"Low Risk","Low Velocity",Domestic,"Location Matched"
866,147.63,19,Electronics,0,1,73,5,32,0,Legitimate,Evening,Medium,26-35,"Low Risk","Medium Velocity",Domestic,"Location Mismatch"
867,30.37,8,Clothing,0,0,97,1,37,0,Legitimate,Morning,Low,36-45,"Low Risk","Low Velocity",Domestic,"Location Matched"
868,36.14,14,Clothing,1,0,75,2,69,0,Legitimate,Afternoon,Low,56+,"Low Risk","Low Velocity",Foreign,"Location Matched"
869,356.21,12,Electronics,0,0,67,3,24,0,Legitimate,Afternoon,High,18-25,"Medium Risk","Low Velocity",Domestic,"Location Matched"
870,525.76,21,Food,0,0,30,1,53,0,Legitimate,Evening,"Very High",46-55,"High Risk","Low Velocity",Domestic,"Location Matched"
871,84.11,15,Travel,0,0,49,4,60,0,Legitimate,Afternoon,Medium,56+,"Medium Risk","Medium Velocity",Domestic,"Location Matched"
872,56.83,1,Travel,0,0,28,3,29,0,Legitimate,Night,Medium,26-35,"High Risk","Low Velocity",Domestic,"Location Matched"
873,185.91,13,Electronics,0,0,48,3,30,0,Legitimate,Afternoon,Medium,26-35,"Medium Risk","Low Velocity",Domestic,"Location Matched"
874,94.59,5,Travel,0,0,80,5,22,0,Legitimate,Night,Medium,18-25,"Low Risk","Medium Velocity",Domestic,"Location Matched"
875,4.63,1,Grocery,1,0,79,1,60,0,Legitimate,Night,Low,56+,"Low Risk","Low Velocity",Foreign,"Location Matched"
876,30.56,7,Food,1,0,78,2,23,0,Legitimate,Morning,Low,18-25,"Low Risk","Low Velocity",Foreign,"Location Matched"
877,226.56,3,Clothing,0,0,27,1,22,0,Legitimate,Night,High,18-25,"High Risk","Low Velocity",Domestic,"Location Matched"
878,193.62,20,Clothing,0,0,71,0,62,0,Legitimate,Evening,Medium,56+,"Low Risk","Low Velocity",Domestic,"Location Matched"
879,4.94,23,Electronics,0,0,54,2,56,0,Legitimate,Evening,Low,56+,"Medium Risk","Low Velocity",Domestic,"Location Matched"
880,45.18,13,Clothing,0,0,65,2,60,0,Legitimate,Afternoon,Low,56+,"Medium Risk","Low Velocity",Domestic,"Location Matched"
881,47.3,10,Grocery,0,0,79,4,64,0,Legitimate,Morning,Low,56+,"Low Risk","Medium Velocity",Domestic,"Location Matched"
882,200.59,23,Grocery,0,0,83,1,23,0,Legitimate,Evening,High,18-25,"Low Risk","Low Velocity",Domestic,"Location Matched"
883,3.58,13,Electronics,1,0,64,0,23,0,Legitimate,Afternoon,Low,18-25,"Medium Risk","Low Velocity",Foreign,"Location Matched"
884,19.79,11,Clothing,0,0,69,3,28,0,Legitimate,Morning,Low,26-35,"Medium Risk","Low Velocity",Domestic,"Location Matched"
885,289.62,15,Travel,0,1,46,1,44,0,Legitimate,Afternoon,High,36-45,"Medium Risk","Low Velocity",Domestic,"Location Mismatch"
886,35.4,5,Travel,1,0,39,2,33,0,Legitimate,Night,Low,26-35,"High Risk","Low Velocity",Foreign,"Location Matched"
887,190.39,19,Food,0,0,41,2,62,0,Legitimate,Evening,Medium,56+,"Medium Risk","Low Velocity",Domestic,"Location Matched"
888,48.97,0,Electronics,0,0,83,0,20,0,Legitimate,Night,Low,18-25,"Low Risk","Low Velocity",Domestic,"Location Matched"
889,18.85,11,Food,0,1,49,0,39,0,Legitimate,Morning,Low,36-45,"Medium Risk","Low Velocity",Domestic,"Location Mismatch"
890,50.15,6,Travel,0,0,67,0,49,0,Legitimate,Morning,Medium,46-55,"Medium Risk","Low Velocity",Domestic,"Location Matched"
891,230.6,7,Travel,1,0,88,2,42,0,Legitimate,Morning,High,36-45,"Low Risk","Low Velocity",Foreign,"Location Matched"
892,348.45,8,Travel,0,0,75,1,35,0,Legitimate,Morning,High,26-35,"Low Risk","Low Velocity",Domestic,"Location Matched"
893,319.19,1,Food,0,0,85,1,36,0,Legitimate,Night,High,36-45,"Low Risk","Low Velocity",Domestic,"Location Matched"
894,91.11,16,Electronics,0,0,69,0,65,0,Legitimate,Afternoon,Medium,56+,"Medium Risk","Low Velocity",Domestic,"Location Matched"
895,198.52,19,Grocery,0,0,27,0,47,0,Legitimate,Evening,Medium,46-55,"High Risk","Low Velocity",Domestic,"Location Matched"
896,41.29,12,Grocery,0,0,60,0,52,0,Legitimate,Afternoon,Low,46-55,"Medium Risk","Low Velocity",Domestic,"Location Matched"
897,62.45,4,Travel,1,0,88,1,68,0,Legitimate,Night,Medium,56+,"Low Risk","Low Velocity",Foreign,"Location Matched"
898,407.99,9,Electronics,0,0,52,5,63,0,Legitimate,Morning,High,56+,"Medium Risk","Medium Velocity",Domestic,"Location Matched"
899,2.36,11,Electronics,1,0,69,6,44,0,Legitimate,Morning,Low,36-45,"Medium Risk","Medium Velocity",Foreign,"Location Matched"
900,16.09,16,Clothing,1,0,45,1,35,0,Legitimate,Afternoon,Low,26-35,"Medium Risk","Low Velocity",Foreign,"Location Matched"
901,41.95,20,Clothing,0,0,51,4,30,0,Legitimate,Evening,Low,26-35,"Medium Risk","Medium Velocity",Domestic,"Location Matched"
902,4.84,5,Food,0,0,59,2,61,0,Legitimate,Night,Low,56+,"Medium Risk","Low Velocity",Domestic,"Location Matched"
903,36.04,2,Clothing,0,0,72,1,48,0,Legitimate,Night,Low,46-55,"Low Risk","Low Velocity",Domestic,"Location Matched"
904,157.46,14,Food,0,0,47,3,20,0,Legitimate,Afternoon,Medium,18-25,"Medium Risk","Low Velocity",Domestic,"Location Matched"
905,98.49,6,Grocery,0,0,88,3,48,0,Legitimate,Morning,Medium,46-55,"Low Risk","Low Velocity",Domestic,"Location Matched"
906,401.74,5,Travel,0,0,37,3,41,0,Legitimate,Night,High,36-45,"High Risk","Low Velocity",Domestic,"Location Matched"
907,306.13,3,Electronics,0,0,54,1,54,0,Legitimate,Night,High,46-55,"Medium Risk","Low Velocity",Domestic,"Location Matched"
908,75.29,18,Grocery,0,1,98,5,39,0,Legitimate,Evening,Medium,36-45,"Low Risk","Medium Velocity",Domestic,"Location Mismatch"
909,54.06,4,Grocery,0,0,44,3,50,0,Legitimate,Night,Medium,46-55,"Medium Risk","Low Velocity",Domestic,"Location Matched"
910,85.96,2,Food,0,0,30,1,62,0,Legitimate,Night,Medium,56+,"High Risk","Low Velocity",Domestic,"Location Matched"
911,160.62,8,Travel,0,0,43,2,32,0,Legitimate,Morning,Medium,26-35,"Medium Risk","Low Velocity",Domestic,"Location Matched"
912,56.17,5,Food,0,0,91,3,55,0,Legitimate,Night,Medium,46-55,"Low Risk","Low Velocity",Domestic,"Location Matched"
913,176.14,12,Grocery,0,0,98,4,59,0,Legitimate,Afternoon,Medium,56+,"Low Risk","Medium Velocity",Domestic,"Location Matched"
914,94.79,21,Electronics,0,1,34,0,31,0,Legitimate,Evening,Medium,26-35,"High Risk","Low Velocity",Domestic,"Location Mismatch"
915,144.55,19,Clothing,0,0,80,3,65,0,Legitimate,Evening,Medium,56+,"Low Risk","Low Velocity",Domestic,"Location Matched"
916,103.13,3,Food,0,1,45,0,32,0,Legitimate,Night,Medium,26-35,"Medium Risk","Low Velocity",Domestic,"Location Mismatch"
917,62.78,1,Grocery,0,0,80,4,46,0,Legitimate,Night,Medium,46-55,"Low Risk","Medium Velocity",Domestic,"Location Matched"
918,533.75,3,Clothing,0,0,81,2,43,0,Legitimate,Night,"Very High",36-45,"Low Risk","Low Velocity",Domestic,"Location Matched"
919,259.61,7,Clothing,0,0,26,4,39,0,Legitimate,Morning,High,36-45,"High Risk","Medium Velocity",Domestic,"Location Matched"
920,27.17,12,Grocery,0,0,63,1,21,0,Legitimate,Afternoon,Low,18-25,"Medium Risk","Low Velocity",Domestic,"Location Matched"
921,365.13,9,Travel,0,0,85,3,50,0,Legitimate,Morning,High,46-55,"Low Risk","Low Velocity",Domestic,"Location Matched"
922,120.3,17,Grocery,0,0,69,3,22,0,Legitimate,Afternoon,Medium,18-25,"Medium Risk","Low Velocity",Domestic,"Location Matched"
923,404.92,8,Electronics,0,0,52,0,45,0,Legitimate,Morning,High,36-45,"Medium Risk","Low Velocity",Domestic,"Location Matched"
924,289.57,0,Clothing,0,1,42,1,66,0,Legitimate,Night,High,56+,"Medium Risk","Low Velocity",Domestic,"Location Mismatch"
925,99.68,12,Electronics,0,0,38,2,52,0,Legitimate,Afternoon,Medium,46-55,"High Risk","Low Velocity",Domestic,"Location Matched"
926,4.09,17,Food,0,0,79,1,59,0,Legitimate,Afternoon,Low,56+,"Low Risk","Low Velocity",Domestic,"Location Matched"
927,56.32,14,Clothing,0,0,83,1,49,0,Legitimate,Afternoon,Medium,46-55,"Low Risk","Low Velocity",Domestic,"Location Matched"
928,140.42,1,Travel,0,0,43,2,46,0,Legitimate,Night,Medium,46-55,"Medium Risk","Low Velocity",Domestic,"Location Matched"
929,180.67,10,Grocery,0,0,65,4,63,0,Legitimate,Morning,Medium,56+,"Medium Risk","Medium Velocity",Domestic,"Location Matched"
930,53.69,13,Food,0,1,36,4,41,0,Legitimate,Afternoon,Medium,36-45,"High Risk","Medium Velocity",Domestic,"Location Mismatch"
931,27.01,21,Electronics,0,0,44,1,47,0,Legitimate,Evening,Low,46-55,"Medium Risk","Low Velocity",Domestic,"Location Matched"
932,324.25,14,Food,0,0,58,1,26,0,Legitimate,Afternoon,High,26-35,"Medium Risk","Low Velocity",Domestic,"Location Matched"
933,748.91,13,Travel,0,0,60,2,65,0,Legitimate,Afternoon,"Very High",56+,"Medium Risk","Low Velocity",Domestic,"Location Matched"
934,134.26,15,Grocery,0,0,45,1,35,0,Legitimate,Afternoon,Medium,26-35,"Medium Risk","Low Velocity",Domestic,"Location Matched"
935,33.9,22,Food,0,0,80,5,28,0,Legitimate,Evening,Low,26-35,"Low Risk","Medium Velocity",Domestic,"Location Matched"
936,57.22,14,Electronics,0,0,65,4,39,0,Legitimate,Afternoon,Medium,36-45,"Medium Risk","Medium Velocity",Domestic,"Location Matched"
937,3.34,18,Food,0,0,65,5,54,0,Legitimate,Evening,Low,46-55,"Medium Risk","Medium Velocity",Domestic,"Location Matched"
938,442.24,8,Grocery,0,0,67,2,40,0,Legitimate,Morning,High,36-45,"Medium Risk","Low Velocity",Domestic,"Location Matched"
939,22.55,4,Food,0,0,96,3,46,0,Legitimate,Night,Low,46-55,"Low Risk","Low Velocity",Domestic,"Location Matched"
940,154.66,4,Electronics,0,1,62,2,30,0,Legitimate,Night,Medium,26-35,"Medium Risk","Low Velocity",Domestic,"Location Mismatch"
941,57.65,10,Grocery,0,0,42,2,49,0,Legitimate,Morning,Medium,46-55,"Medium Risk","Low Velocity",Domestic,"Location Matched"
942,145.41,19,Travel,0,0,32,3,61,0,Legitimate,Evening,Medium,56+,"High Risk","Low Velocity",Domestic,"Location Matched"
943,189.7,23,Travel,0,0,90,1,27,0,Legitimate,Evening,Medium,26-35,"Low Risk","Low Velocity",Domestic,"Location Matched"
944,318.68,3,Clothing,0,0,44,2,60,0,Legitimate,Night,High,56+,"Medium Risk","Low Velocity",Domestic,"Location Matched"
945,41.62,19,Food,0,0,93,2,65,0,Legitimate,Evening,Low,56+,"Low Risk","Low Velocity",Domestic,"Location Matched"
946,1.99,17,Electronics,0,0,81,0,23,0,Legitimate,Afternoon,Low,18-25,"Low Risk","Low Velocity",Domestic,"Location Matched"
947,26.5,2,Food,0,0,42,1,38,0,Legitimate,Night,Low,36-45,"Medium Risk","Low Velocity",Domestic,"Location Matched"
948,414.5,3,Grocery,0,0,84,1,52,0,Legitimate,Night,High,46-55,"Low Risk","Low Velocity",Domestic,"Location Matched"
949,372.71,13,Clothing,0,0,26,1,20,0,Legitimate,Afternoon,High,18-25,"High Risk","Low Velocity",Domestic,"Location Matched"
950,163.77,6,Electronics,1,0,66,2,38,0,Legitimate,Morning,Medium,36-45,"Medium Risk","Low Velocity",Foreign,"Location Matched"
951,165.17,7,Food,0,0,88,4,37,0,Legitimate,Morning,Medium,36-45,"Low Risk","Medium Velocity",Domestic,"Location Matched"
952,196.87,23,Electronics,0,0,68,1,67,0,Legitimate,Evening,Medium,56+,"Medium Risk","Low Velocity",Domestic,"Location Matched"
953,34.71,15,Grocery,0,0,75,1,60,0,Legitimate,Afternoon,Low,56+,"Low Risk","Low Velocity",Domestic,"Location Matched"
954,442.48,19,Clothing,0,0,89,1,51,0,Legitimate,Evening,High,46-55,"Low Risk","Low Velocity",Domestic,"Location Matched"
955,97.67,14,Electronics,1,0,89,0,20,0,Legitimate,Afternoon,Medium,18-25,"Low Risk","Low Velocity",Foreign,"Location Matched"
956,86.96,6,Grocery,0,0,78,0,62,0,Legitimate,Morning,Medium,56+,"Low Risk","Low Velocity",Domestic,"Location Matched"
957,131.71,16,Travel,0,0,63,2,62,0,Legitimate,Afternoon,Medium,56+,"Medium Risk","Low Velocity",Domestic,"Location Matched"
958,8.66,21,Electronics,0,0,32,1,57,0,Legitimate,Evening,Low,56+,"High Risk","Low Velocity",Domestic,"Location Matched"
959,32.74,21,Clothing,0,0,91,3,54,0,Legitimate,Evening,Low,46-55,"Low Risk","Low Velocity",Domestic,"Location Matched"
960,241.12,21,Electronics,0,0,73,1,22,0,Legitimate,Evening,High,18-25,"Low Risk","Low Velocity",Domestic,"Location Matched"
961,15.56,11,Electronics,0,0,60,4,67,0,Legitimate,Morning,Low,56+,"Medium Risk","Medium Velocity",Domestic,"Location Matched"
962,166.36,17,Grocery,0,0,31,1,28,0,Legitimate,Afternoon,Medium,26-35,"High Risk","Low Velocity",Domestic,"Location Matched"
963,50.67,23,Food,0,0,39,1,65,0,Legitimate,Evening,Medium,56+,"High Risk","Low Velocity",Domestic,"Location Matched"
964,88.77,13,Food,0,0,49,2,34,0,Legitimate,Afternoon,Medium,26-35,"Medium Risk","Low Velocity",Domestic,"Location Matched"
965,61.32,14,Electronics,0,0,81,0,21,0,Legitimate,Afternoon,Medium,18-25,"Low Risk","Low Velocity",Domestic,"Location Matched"
966,79.12,14,Clothing,0,0,62,3,25,0,Legitimate,Afternoon,Medium,18-25,"Medium Risk","Low Velocity",Domestic,"Location Matched"
967,228.52,4,Clothing,0,0,61,1,58,0,Legitimate,Night,High,56+,"Medium Risk","Low Velocity",Domestic,"Location Matched"
968,63.46,15,Grocery,0,0,40,2,64,0,Legitimate,Afternoon,Medium,56+,"Medium Risk","Low Velocity",Domestic,"Location Matched"
969,150.42,4,Electronics,0,0,25,1,39,0,Legitimate,Night,Medium,36-45,"High Risk","Low Velocity",Domestic,"Location Matched"
970,116.34,1,Electronics,0,0,71,5,49,0,Legitimate,Night,Medium,46-55,"Low Risk","Medium Velocity",Domestic,"Location Matched"
971,196.14,19,Food,0,0,76,3,44,0,Legitimate,Evening,Medium,36-45,"Low Risk","Low Velocity",Domestic,"Location Matched"
972,497.15,8,Grocery,0,0,61,1,23,0,Legitimate,Morning,High,18-25,"Medium Risk","Low Velocity",Domestic,"Location Matched"
973,237.4,21,Travel,0,0,69,2,48,0,Legitimate,Evening,High,46-55,"Medium Risk","Low Velocity",Domestic,"Location Matched"
974,43.56,8,Clothing,0,0,38,1,21,0,Legitimate,Morning,Low,18-25,"High Risk","Low Velocity",Domestic,"Location Matched"
975,5.7,3,Clothing,0,0,81,4,64,0,Legitimate,Night,Low,56+,"Low Risk","Medium Velocity",Domestic,"Location Matched"
976,54.75,14,Electronics,0,1,58,2,56,0,Legitimate,Afternoon,Medium,56+,"Medium Risk","Low Velocity",Domestic,"Location Mismatch"
977,162.73,10,Grocery,0,0,90,0,47,0,Legitimate,Morning,Medium,46-55,"Low Risk","Low Velocity",Domestic,"Location Matched"
978,9.5,0,Travel,0,0,55,5,60,0,Legitimate,Night,Low,56+,"Medium Risk","Medium Velocity",Domestic,"Location Matched"
979,123.46,17,Clothing,0,1,68,0,50,0,Legitimate,Afternoon,Medium,46-55,"Medium Risk","Low Velocity",Domestic,"Location Mismatch"
980,163.52,0,Grocery,0,0,47,2,48,0,Legitimate,Night,Medium,46-55,"Medium Risk","Low Velocity",Domestic,"Location Matched"
981,73.23,7,Travel,0,0,90,0,45,0,Legitimate,Morning,Medium,36-45,"Low Risk","Low Velocity",Domestic,"Location Matched"
982,265.26,15,Electronics,0,0,35,4,42,0,Legitimate,Afternoon,High,36-45,"High Risk","Medium Velocity",Domestic,"Location Matched"
983,20.29,21,Food,0,0,73,4,66,0,Legitimate,Evening,Low,56+,"Low Risk","Medium Velocity",Domestic,"Location Matched"
984,14.06,17,Clothing,0,0,82,3,34,0,Legitimate,Afternoon,Low,26-35,"Low Risk","Low Velocity",Domestic,"Location Matched"
985,234.48,21,Clothing,0,0,53,2,48,0,Legitimate,Evening,High,46-55,"Medium Risk","Low Velocity",Domestic,"Location Matched"
986,123.15,8,Travel,0,0,75,1,67,0,Legitimate,Morning,Medium,56+,"Low Risk","Low Velocity",Domestic,"Location Matched"
987,209.89,11,Food,0,0,25,1,53,0,Legitimate,Morning,High,46-55,"High Risk","Low Velocity",Domestic,"Location Matched"
988,102.71,18,Grocery,0,0,29,1,63,0,Legitimate,Evening,Medium,56+,"High Risk","Low Velocity",Domestic,"Location Matched"
989,50.92,17,Electronics,0,0,58,4,60,0,Legitimate,Afternoon,Medium,56+,"Medium Risk","Medium Velocity",Domestic,"Location Matched"
990,307.77,4,Grocery,0,0,43,3,34,0,Legitimate,Night,High,26-35,"Medium Risk","Low Velocity",Domestic,"Location Matched"
991,289.17,1,Travel,0,0,64,5,27,0,Legitimate,Night,High,26-35,"Medium Risk","Medium Velocity",Domestic,"Location Matched"
992,213.56,6,Clothing,0,0,90,1,68,0,Legitimate,Morning,High,56+,"Low Risk","Low Velocity",Domestic,"Location Matched"
993,57.18,9,Clothing,0,1,88,3,65,0,Legitimate,Morning,Medium,56+,"Low Risk","Low Velocity",Domestic,"Location Mismatch"
994,160.59,14,Grocery,0,0,96,0,39,0,Legitimate,Afternoon,Medium,36-45,"Low Risk","Low Velocity",Domestic,"Location Matched"
995,80.61,6,Electronics,0,0,41,3,48,0,Legitimate,Morning,Medium,46-55,"Medium Risk","Low Velocity",Domestic,"Location Matched"
996,17.29,4,Travel,0,0,62,2,47,0,Legitimate,Night,Low,46-55,"Medium Risk","Low Velocity",Domestic,"Location Matched"
997,448.69,14,Electronics,0,0,67,1,68,0,Legitimate,Afternoon,High,56+,"Medium Risk","Low Velocity",Domestic,"Location Matched"
998,26.48,19,Travel,0,0,64,2,37,0,Legitimate,Evening,Low,36-45,"Medium Risk","Low Velocity",Domestic,"Location Matched"
999,540.09,19,Electronics,0,0,69,2,31,0,Legitimate,Evening,"Very High",26-35,"Medium Risk","Low Velocity",Domestic,"Location Matched"
1000,106.31,14,Grocery,0,0,64,2,32,0,Legitimate,Afternoon,Medium,26-35,"Medium Risk","Low Velocity",Domestic,"Location Matched"
